platform,post_id,content,publish_time,like_count,comment_count,crawl_time,url,comment_content,comment_users,polarity,intensity,specific_emotion,aspect,reason,csi_score,urgency,need_improvement,polarity_label,analysis_method,aspects,urgency_score,facility_type
weibo,weibo_0_1776503545,上海迪士尼10岁生日庆典｜这场盛会，加你更奇妙！  3月20日起，上海迪士尼10岁生日庆典即将盛大启幕。 向你发出这份神奇的邀约，来乐园看全新的精彩演出、见最可爱的迪士尼朋友们……这场奇妙的盛会，因你而不同！  我们一同欢聚在此，把所有的奇妙，汇聚、闪耀✨ 上海迪士尼10岁生日庆典，加你更奇妙！  #上海迪士尼10岁生日# #加你更奇妙# 上海迪士尼度假区的微博视频,,,,2026-04-18 17:12:25,https://weibo.com/5200478600/QwPqDlABv,上海迪士尼度假区十周年庆典@摩登兄弟刘宇宁 和刘宇宁一起欢庆快乐,宁好啊L-Y-N,积极,5,满意,其他,SnowNLP快速分析,99,0,否,积极,snownlp,"[{""category"": ""其他"", ""aspect"": ""整体体验"", ""polarity"": ""中性"", ""intensity"": ""3"", ""specific_emotion"": ""中性"", ""csi_score"": ""50""}]",0,未知
weibo,weibo_0_1776503545,上海迪士尼10岁生日庆典｜这场盛会，加你更奇妙！  3月20日起，上海迪士尼10岁生日庆典即将盛大启幕。 向你发出这份神奇的邀约，来乐园看全新的精彩演出、见最可爱的迪士尼朋友们……这场奇妙的盛会，因你而不同！  我们一同欢聚在此，把所有的奇妙，汇聚、闪耀✨ 上海迪士尼10岁生日庆典，加你更奇妙！  #上海迪士尼10岁生日# #加你更奇妙# 上海迪士尼度假区的微博视频,,,,2026-04-18 17:12:25,https://weibo.com/5200478600/QwPqDlABv,和@摩登兄弟刘宇宁 相遇上海迪士尼「奇妙在身边」，让奇妙一直都在。生日快乐,相逢已是上上签N,积极,5,满意,其他,SnowNLP快速分析,99,0,否,积极,snownlp,"[{""category"": ""其他"", ""aspect"": ""整体体验"", ""polarity"": ""中性"", ""intensity"": ""3"", ""specific_emotion"": ""中性"", ""csi_score"": ""50""}]",0,未知
weibo,weibo_0_1776503545,上海迪士尼10岁生日庆典｜这场盛会，加你更奇妙！  3月20日起，上海迪士尼10岁生日庆典即将盛大启幕。 向你发出这份神奇的邀约，来乐园看全新的精彩演出、见最可爱的迪士尼朋友们……这场奇妙的盛会，因你而不同！  我们一同欢聚在此，把所有的奇妙，汇聚、闪耀✨ 上海迪士尼10岁生日庆典，加你更奇妙！  #上海迪士尼10岁生日# #加你更奇妙# 上海迪士尼度假区的微博视频,,,,2026-04-18 17:12:25,https://weibo.com/5200478600/QwPqDlABv,呜呼十周年快乐,Qcutie628,积极,5,满意,其他,SnowNLP快速分析,99,0,否,积极,snownlp,"[{""category"": ""其他"", ""aspect"": ""整体体验"", ""polarity"": ""中性"", ""intensity"": ""3"", ""specific_emotion"": ""中性"", ""csi_score"": ""50""}]",0,未知
weibo,weibo_0_1776503545,上海迪士尼10岁生日庆典｜这场盛会，加你更奇妙！  3月20日起，上海迪士尼10岁生日庆典即将盛大启幕。 向你发出这份神奇的邀约，来乐园看全新的精彩演出、见最可爱的迪士尼朋友们……这场奇妙的盛会，因你而不同！  我们一同欢聚在此，把所有的奇妙，汇聚、闪耀✨ 上海迪士尼10岁生日庆典，加你更奇妙！  #上海迪士尼10岁生日# #加你更奇妙# 上海迪士尼度假区的微博视频,,,,2026-04-18 17:12:25,https://weibo.com/5200478600/QwPqDlABv,10周年快乐！,3417win,积极,5,满意,其他,SnowNLP快速分析,97,0,否,积极,snownlp,"[{""category"": ""其他"", ""aspect"": ""整体体验"", ""polarity"": ""中性"", ""intensity"": ""3"", ""specific_emotion"": ""中性"", ""csi_score"": ""50""}]",0,未知
weibo,weibo_0_1776503545,上海迪士尼10岁生日庆典｜这场盛会，加你更奇妙！  3月20日起，上海迪士尼10岁生日庆典即将盛大启幕。 向你发出这份神奇的邀约，来乐园看全新的精彩演出、见最可爱的迪士尼朋友们……这场奇妙的盛会，因你而不同！  我们一同欢聚在此，把所有的奇妙，汇聚、闪耀✨ 上海迪士尼10岁生日庆典，加你更奇妙！  #上海迪士尼10岁生日# #加你更奇妙# 上海迪士尼度假区的微博视频,,,,2026-04-18 17:12:25,https://weibo.com/5200478600/QwPqDlABv,00:50 @LYN期许浪漫-皮皮宁: 期待明天的奇妙在身边 明天迪士尼不见不散,袖子VSL,积极,5,满意,其他,SnowNLP快速分析,96,0,否,积极,snownlp,"[{""category"": ""其他"", ""aspect"": ""整体体验"", ""polarity"": ""中性"", ""intensity"": ""3"", ""specific_emotion"": ""中性"", ""csi_score"": ""50""}]",0,未知
weibo,weibo_0_1776503545,上海迪士尼10岁生日庆典｜这场盛会，加你更奇妙！  3月20日起，上海迪士尼10岁生日庆典即将盛大启幕。 向你发出这份神奇的邀约，来乐园看全新的精彩演出、见最可爱的迪士尼朋友们……这场奇妙的盛会，因你而不同！  我们一同欢聚在此，把所有的奇妙，汇聚、闪耀✨ 上海迪士尼10岁生日庆典，加你更奇妙！  #上海迪士尼10岁生日# #加你更奇妙# 上海迪士尼度假区的微博视频,,,,2026-04-18 17:12:25,https://weibo.com/5200478600/QwPqDlABv,玲娜贝儿作为第一只上迪出生的宝宝有独特的意义！我也是先喜欢贝儿再喜欢的迪士尼！感谢迪士尼和玲娜贝儿一直以来给我带来的温暖和幸福！,云吃吃_啊啊啊zz0版,积极,5,满意,其他,SnowNLP快速分析,99,0,否,积极,snownlp,"[{""category"": ""其他"", ""aspect"": ""整体体验"", ""polarity"": ""积极"", ""intensity"": ""5"", ""specific_emotion"": ""满意"", ""csi_score"": ""75""}]",0,未知
weibo,weibo_0_1776503545,上海迪士尼10岁生日庆典｜这场盛会，加你更奇妙！  3月20日起，上海迪士尼10岁生日庆典即将盛大启幕。 向你发出这份神奇的邀约，来乐园看全新的精彩演出、见最可爱的迪士尼朋友们……这场奇妙的盛会，因你而不同！  我们一同欢聚在此，把所有的奇妙，汇聚、闪耀✨ 上海迪士尼10岁生日庆典，加你更奇妙！  #上海迪士尼10岁生日# #加你更奇妙# 上海迪士尼度假区的微博视频,,,,2026-04-18 17:12:25,https://weibo.com/5200478600/QwPqDlABv,10岁生日快乐！一起期待惊喜@摩登兄弟刘宇宁,萍聚_199702,积极,5,满意,其他,SnowNLP快速分析,99,0,否,积极,snownlp,"[{""category"": ""其他"", ""aspect"": ""整体体验"", ""polarity"": ""中性"", ""intensity"": ""3"", ""specific_emotion"": ""中性"", ""csi_score"": ""50""}]",0,未知
weibo,weibo_0_1776503545,上海迪士尼10岁生日庆典｜这场盛会，加你更奇妙！  3月20日起，上海迪士尼10岁生日庆典即将盛大启幕。 向你发出这份神奇的邀约，来乐园看全新的精彩演出、见最可爱的迪士尼朋友们……这场奇妙的盛会，因你而不同！  我们一同欢聚在此，把所有的奇妙，汇聚、闪耀✨ 上海迪士尼10岁生日庆典，加你更奇妙！  #上海迪士尼10岁生日# #加你更奇妙# 上海迪士尼度假区的微博视频,,,,2026-04-18 17:12:25,https://weibo.com/5200478600/QwPqDlABv,一起期待惊喜@摩登兄弟刘宇宁,星辰大海LYN,积极,5,满意,其他,SnowNLP快速分析,99,0,否,积极,snownlp,"[{""category"": ""其他"", ""aspect"": ""整体体验"", ""polarity"": ""中性"", ""intensity"": ""3"", ""specific_emotion"": ""中性"", ""csi_score"": ""50""}]",0,未知
weibo,weibo_0_1776503545,上海迪士尼10岁生日庆典｜这场盛会，加你更奇妙！  3月20日起，上海迪士尼10岁生日庆典即将盛大启幕。 向你发出这份神奇的邀约，来乐园看全新的精彩演出、见最可爱的迪士尼朋友们……这场奇妙的盛会，因你而不同！  我们一同欢聚在此，把所有的奇妙，汇聚、闪耀✨ 上海迪士尼10岁生日庆典，加你更奇妙！  #上海迪士尼10岁生日# #加你更奇妙# 上海迪士尼度假区的微博视频,,,,2026-04-18 17:12:25,https://weibo.com/5200478600/QwPqDlABv,上海迪士尼10岁生日快乐,MD-工作接不完的寧,积极,5,满意,其他,SnowNLP快速分析,94,0,否,积极,snownlp,"[{""category"": ""其他"", ""aspect"": ""整体体验"", ""polarity"": ""中性"", ""intensity"": ""3"", ""specific_emotion"": ""中性"", ""csi_score"": ""50""}]",0,未知
weibo,weibo_0_1776503545,上海迪士尼10岁生日庆典｜这场盛会，加你更奇妙！  3月20日起，上海迪士尼10岁生日庆典即将盛大启幕。 向你发出这份神奇的邀约，来乐园看全新的精彩演出、见最可爱的迪士尼朋友们……这场奇妙的盛会，因你而不同！  我们一同欢聚在此，把所有的奇妙，汇聚、闪耀✨ 上海迪士尼10岁生日庆典，加你更奇妙！  #上海迪士尼10岁生日# #加你更奇妙# 上海迪士尼度假区的微博视频,,,,2026-04-18 17:12:25,https://weibo.com/5200478600/QwPqDlABv,上海迪士尼服务恶劣，把游客带的东西被搜出来直接扔了，🖕🏻,风风火火777777,消极,5,失望,其他,SnowNLP快速分析,0,10,是,消极,snownlp,"[{""category"": ""其他"", ""aspect"": ""整体体验"", ""polarity"": ""中性"", ""intensity"": ""3"", ""specific_emotion"": ""中性"", ""csi_score"": ""50""}]",10,未知
weibo,weibo_0_1776503545,上海迪士尼10岁生日庆典｜这场盛会，加你更奇妙！  3月20日起，上海迪士尼10岁生日庆典即将盛大启幕。 向你发出这份神奇的邀约，来乐园看全新的精彩演出、见最可爱的迪士尼朋友们……这场奇妙的盛会，因你而不同！  我们一同欢聚在此，把所有的奇妙，汇聚、闪耀✨ 上海迪士尼10岁生日庆典，加你更奇妙！  #上海迪士尼10岁生日# #加你更奇妙# 上海迪士尼度假区的微博视频,,,,2026-04-18 17:12:25,https://weibo.com/5200478600/QwPqDlABv,明天，奇妙在身边,久悦白,积极,5,满意,其他,SnowNLP快速分析,85,0,否,积极,snownlp,"[{""category"": ""其他"", ""aspect"": ""整体体验"", ""polarity"": ""中性"", ""intensity"": ""3"", ""specific_emotion"": ""中性"", ""csi_score"": ""50""}]",0,未知
weibo,weibo_0_1776503545,上海迪士尼10岁生日庆典｜这场盛会，加你更奇妙！  3月20日起，上海迪士尼10岁生日庆典即将盛大启幕。 向你发出这份神奇的邀约，来乐园看全新的精彩演出、见最可爱的迪士尼朋友们……这场奇妙的盛会，因你而不同！  我们一同欢聚在此，把所有的奇妙，汇聚、闪耀✨ 上海迪士尼10岁生日庆典，加你更奇妙！  #上海迪士尼10岁生日# #加你更奇妙# 上海迪士尼度假区的微博视频,,,,2026-04-18 17:12:25,https://weibo.com/5200478600/QwPqDlABv,#加你更奇妙# 十週年快樂 #上海迪士尼10岁生日#,Danny_菲菲,消极,5,失望,其他,SnowNLP快速分析,8,9,是,消极,snownlp,"[{""category"": ""其他"", ""aspect"": ""整体体验"", ""polarity"": ""中性"", ""intensity"": ""3"", ""specific_emotion"": ""中性"", ""csi_score"": ""50""}]",9,未知
weibo,weibo_1_1776503576,妙趣天成，加你更奇妙！,,,,2026-04-18 17:12:56,https://weibo.com/5200478600/Qx64Hpsgz,嘎嘎幸福的唐老鸭 :,嘎嘎幸福的唐老鸭,积极,5,满意,其他,SnowNLP快速分析,86,0,否,积极,snownlp,"[{""category"": ""其他"", ""aspect"": ""整体体验"", ""polarity"": ""中性"", ""intensity"": ""3"", ""specific_emotion"": ""中性"", ""csi_score"": ""50""}]",0,未知
weibo,weibo_1_1776503576,妙趣天成，加你更奇妙！,,,,2026-04-18 17:12:56,https://weibo.com/5200478600/Qx64Hpsgz,要去上迪抱宝贝们的晁晁 :,要去上迪抱宝贝们的晁晁,积极,5,满意,其他,SnowNLP快速分析,90,0,否,积极,snownlp,"[{""category"": ""其他"", ""aspect"": ""整体体验"", ""polarity"": ""中性"", ""intensity"": ""3"", ""specific_emotion"": ""中性"", ""csi_score"": ""50""}]",0,未知
weibo,weibo_1_1776503576,妙趣天成，加你更奇妙！,,,,2026-04-18 17:12:56,https://weibo.com/5200478600/Qx64Hpsgz,玲娜bellbell :,玲娜bellbell,中性,3,中性,其他,SnowNLP快速分析,50,0,否,中性,snownlp,"[{""category"": ""其他"", ""aspect"": ""整体体验"", ""polarity"": ""中性"", ""intensity"": ""3"", ""specific_emotion"": ""中性"", ""csi_score"": ""50""}]",0,未知
weibo,weibo_2_1776503600,10岁生日庆典｜一起打卡萌趣展览 👉2026年3月22日至5月5日，达菲和朋友们邀你赴一场特别的庆典之约～ 🎉 象征友谊的小船惊喜登陆上海K11购物艺术中心，更有庆典蛋糕捕捉欢乐时刻，温馨的达菲小屋和写满回忆的毛绒玩具墙等你来打卡，还有10岁生日特别橱窗璀璨登场~ 🎈叮~解锁打卡任务，领10岁生日限定卡片！ ✨快来K11一起庆祝友谊吧！,,,,2026-04-18 17:13:20,https://weibo.com/5200478600/Qx5Vvecxq,好耶,用户6765363836,中性,3,中性,其他,SnowNLP快速分析,50,0,否,中性,snownlp,"[{""category"": ""其他"", ""aspect"": ""整体体验"", ""polarity"": ""积极"", ""intensity"": ""5"", ""specific_emotion"": ""满意"", ""csi_score"": ""75""}]",0,未知
weibo,weibo_2_1776503600,10岁生日庆典｜一起打卡萌趣展览 👉2026年3月22日至5月5日，达菲和朋友们邀你赴一场特别的庆典之约～ 🎉 象征友谊的小船惊喜登陆上海K11购物艺术中心，更有庆典蛋糕捕捉欢乐时刻，温馨的达菲小屋和写满回忆的毛绒玩具墙等你来打卡，还有10岁生日特别橱窗璀璨登场~ 🎈叮~解锁打卡任务，领10岁生日限定卡片！ ✨快来K11一起庆祝友谊吧！,,,,2026-04-18 17:13:20,https://weibo.com/5200478600/Qx5Vvecxq,21号去的我还说这是什么,在在弟弟,消极,4,失望,其他,SnowNLP快速分析,21,5,是,消极,snownlp,"[{""category"": ""其他"", ""aspect"": ""整体体验"", ""polarity"": ""中性"", ""intensity"": ""3"", ""specific_emotion"": ""中性"", ""csi_score"": ""50""}]",5,未知
weibo,weibo_2_1776503600,10岁生日庆典｜一起打卡萌趣展览 👉2026年3月22日至5月5日，达菲和朋友们邀你赴一场特别的庆典之约～ 🎉 象征友谊的小船惊喜登陆上海K11购物艺术中心，更有庆典蛋糕捕捉欢乐时刻，温馨的达菲小屋和写满回忆的毛绒玩具墙等你来打卡，还有10岁生日特别橱窗璀璨登场~ 🎈叮~解锁打卡任务，领10岁生日限定卡片！ ✨快来K11一起庆祝友谊吧！,,,,2026-04-18 17:13:20,https://weibo.com/5200478600/Qx5Vvecxq,21号去的,雨宁同high,消极,3,失望,其他,SnowNLP快速分析,28,3,是,消极,snownlp,"[{""category"": ""其他"", ""aspect"": ""整体体验"", ""polarity"": ""中性"", ""intensity"": ""3"", ""specific_emotion"": ""中性"", ""csi_score"": ""50""}]",3,未知
weibo,weibo_2_1776503600,10岁生日庆典｜一起打卡萌趣展览 👉2026年3月22日至5月5日，达菲和朋友们邀你赴一场特别的庆典之约～ 🎉 象征友谊的小船惊喜登陆上海K11购物艺术中心，更有庆典蛋糕捕捉欢乐时刻，温馨的达菲小屋和写满回忆的毛绒玩具墙等你来打卡，还有10岁生日特别橱窗璀璨登场~ 🎈叮~解锁打卡任务，领10岁生日限定卡片！ ✨快来K11一起庆祝友谊吧！,,,,2026-04-18 17:13:20,https://weibo.com/5200478600/Qx5Vvecxq,🚪,七槿樱,中性,3,中性,其他,SnowNLP快速分析,50,0,否,中性,snownlp,"[{""category"": ""其他"", ""aspect"": ""整体体验"", ""polarity"": ""中性"", ""intensity"": ""3"", ""specific_emotion"": ""中性"", ""csi_score"": ""50""}]",0,未知
weibo,weibo_2_1776503600,10岁生日庆典｜一起打卡萌趣展览 👉2026年3月22日至5月5日，达菲和朋友们邀你赴一场特别的庆典之约～ 🎉 象征友谊的小船惊喜登陆上海K11购物艺术中心，更有庆典蛋糕捕捉欢乐时刻，温馨的达菲小屋和写满回忆的毛绒玩具墙等你来打卡，还有10岁生日特别橱窗璀璨登场~ 🎈叮~解锁打卡任务，领10岁生日限定卡片！ ✨快来K11一起庆祝友谊吧！,,,,2026-04-18 17:13:20,https://weibo.com/5200478600/Qx5Vvecxq,Sily-0903 :,Sily-0903,中性,3,中性,其他,SnowNLP快速分析,50,0,否,中性,snownlp,"[{""category"": ""其他"", ""aspect"": ""整体体验"", ""polarity"": ""中性"", ""intensity"": ""3"", ""specific_emotion"": ""中性"", ""csi_score"": ""50""}]",0,未知
weibo,weibo_2_1776503600,10岁生日庆典｜一起打卡萌趣展览 👉2026年3月22日至5月5日，达菲和朋友们邀你赴一场特别的庆典之约～ 🎉 象征友谊的小船惊喜登陆上海K11购物艺术中心，更有庆典蛋糕捕捉欢乐时刻，温馨的达菲小屋和写满回忆的毛绒玩具墙等你来打卡，还有10岁生日特别橱窗璀璨登场~ 🎈叮~解锁打卡任务，领10岁生日限定卡片！ ✨快来K11一起庆祝友谊吧！,,,,2026-04-18 17:13:20,https://weibo.com/5200478600/Qx5Vvecxq,@Wxq_Kiki,猫猫猫防卫队,中性,3,中性,其他,SnowNLP快速分析,50,0,否,中性,snownlp,"[{""category"": ""其他"", ""aspect"": ""整体体验"", ""polarity"": ""中性"", ""intensity"": ""3"", ""specific_emotion"": ""中性"", ""csi_score"": ""50""}]",0,未知
weibo,weibo_2_1776503600,10岁生日庆典｜一起打卡萌趣展览 👉2026年3月22日至5月5日，达菲和朋友们邀你赴一场特别的庆典之约～ 🎉 象征友谊的小船惊喜登陆上海K11购物艺术中心，更有庆典蛋糕捕捉欢乐时刻，温馨的达菲小屋和写满回忆的毛绒玩具墙等你来打卡，还有10岁生日特别橱窗璀璨登场~ 🎈叮~解锁打卡任务，领10岁生日限定卡片！ ✨快来K11一起庆祝友谊吧！,,,,2026-04-18 17:13:20,https://weibo.com/5200478600/Qx5Vvecxq,要去上迪抱宝贝们的晁晁 :,要去上迪抱宝贝们的晁晁,积极,5,满意,其他,SnowNLP快速分析,90,0,否,积极,snownlp,"[{""category"": ""其他"", ""aspect"": ""整体体验"", ""polarity"": ""中性"", ""intensity"": ""3"", ""specific_emotion"": ""中性"", ""csi_score"": ""50""}]",0,未知
weibo,weibo_2_1776503600,10岁生日庆典｜一起打卡萌趣展览 👉2026年3月22日至5月5日，达菲和朋友们邀你赴一场特别的庆典之约～ 🎉 象征友谊的小船惊喜登陆上海K11购物艺术中心，更有庆典蛋糕捕捉欢乐时刻，温馨的达菲小屋和写满回忆的毛绒玩具墙等你来打卡，还有10岁生日特别橱窗璀璨登场~ 🎈叮~解锁打卡任务，领10岁生日限定卡片！ ✨快来K11一起庆祝友谊吧！,,,,2026-04-18 17:13:20,https://weibo.com/5200478600/Qx5Vvecxq,嘎嘎幸福的唐老鸭 :,嘎嘎幸福的唐老鸭,积极,5,满意,其他,SnowNLP快速分析,86,0,否,积极,snownlp,"[{""category"": ""其他"", ""aspect"": ""整体体验"", ""polarity"": ""中性"", ""intensity"": ""3"", ""specific_emotion"": ""中性"", ""csi_score"": ""50""}]",0,未知
weibo,weibo_2_1776503600,10岁生日庆典｜一起打卡萌趣展览 👉2026年3月22日至5月5日，达菲和朋友们邀你赴一场特别的庆典之约～ 🎉 象征友谊的小船惊喜登陆上海K11购物艺术中心，更有庆典蛋糕捕捉欢乐时刻，温馨的达菲小屋和写满回忆的毛绒玩具墙等你来打卡，还有10岁生日特别橱窗璀璨登场~ 🎈叮~解锁打卡任务，领10岁生日限定卡片！ ✨快来K11一起庆祝友谊吧！,,,,2026-04-18 17:13:20,https://weibo.com/5200478600/Qx5Vvecxq,一直都会有限定卡吗外地的下周去还有机会吗,一l张兔纸I一,中性,3,中性,其他,SnowNLP快速分析,50,0,否,中性,snownlp,"[{""category"": ""其他"", ""aspect"": ""整体体验"", ""polarity"": ""中性"", ""intensity"": ""3"", ""specific_emotion"": ""中性"", ""csi_score"": ""50""}]",0,未知
weibo,weibo_2_1776503600,10岁生日庆典｜一起打卡萌趣展览 👉2026年3月22日至5月5日，达菲和朋友们邀你赴一场特别的庆典之约～ 🎉 象征友谊的小船惊喜登陆上海K11购物艺术中心，更有庆典蛋糕捕捉欢乐时刻，温馨的达菲小屋和写满回忆的毛绒玩具墙等你来打卡，还有10岁生日特别橱窗璀璨登场~ 🎈叮~解锁打卡任务，领10岁生日限定卡片！ ✨快来K11一起庆祝友谊吧！,,,,2026-04-18 17:13:20,https://weibo.com/5200478600/Qx5Vvecxq,#上海话剧艺术中心#,Celine猫猫酱,积极,4,满意,其他,SnowNLP快速分析,76,0,否,积极,snownlp,"[{""category"": ""其他"", ""aspect"": ""整体体验"", ""polarity"": ""中性"", ""intensity"": ""3"", ""specific_emotion"": ""中性"", ""csi_score"": ""50""}]",0,未知
weibo,weibo_2_1776503600,10岁生日庆典｜一起打卡萌趣展览 👉2026年3月22日至5月5日，达菲和朋友们邀你赴一场特别的庆典之约～ 🎉 象征友谊的小船惊喜登陆上海K11购物艺术中心，更有庆典蛋糕捕捉欢乐时刻，温馨的达菲小屋和写满回忆的毛绒玩具墙等你来打卡，还有10岁生日特别橱窗璀璨登场~ 🎈叮~解锁打卡任务，领10岁生日限定卡片！ ✨快来K11一起庆祝友谊吧！,,,,2026-04-18 17:13:20,https://weibo.com/5200478600/Qx5Vvecxq,明天去看看,爱舞的LILI,消极,3,失望,其他,SnowNLP快速分析,29,3,是,消极,snownlp,"[{""category"": ""其他"", ""aspect"": ""整体体验"", ""polarity"": ""中性"", ""intensity"": ""3"", ""specific_emotion"": ""中性"", ""csi_score"": ""50""}]",3,未知
weibo,weibo_2_1776503600,10岁生日庆典｜一起打卡萌趣展览 👉2026年3月22日至5月5日，达菲和朋友们邀你赴一场特别的庆典之约～ 🎉 象征友谊的小船惊喜登陆上海K11购物艺术中心，更有庆典蛋糕捕捉欢乐时刻，温馨的达菲小屋和写满回忆的毛绒玩具墙等你来打卡，还有10岁生日特别橱窗璀璨登场~ 🎈叮~解锁打卡任务，领10岁生日限定卡片！ ✨快来K11一起庆祝友谊吧！,,,,2026-04-18 17:13:20,https://weibo.com/5200478600/Qx5Vvecxq,玲娜bellbell :,玲娜bellbell,中性,3,中性,其他,SnowNLP快速分析,50,0,否,中性,snownlp,"[{""category"": ""其他"", ""aspect"": ""整体体验"", ""polarity"": ""中性"", ""intensity"": ""3"", ""specific_emotion"": ""中性"", ""csi_score"": ""50""}]",0,未知
weibo,weibo_2_1776503600,10岁生日庆典｜一起打卡萌趣展览 👉2026年3月22日至5月5日，达菲和朋友们邀你赴一场特别的庆典之约～ 🎉 象征友谊的小船惊喜登陆上海K11购物艺术中心，更有庆典蛋糕捕捉欢乐时刻，温馨的达菲小屋和写满回忆的毛绒玩具墙等你来打卡，还有10岁生日特别橱窗璀璨登场~ 🎈叮~解锁打卡任务，领10岁生日限定卡片！ ✨快来K11一起庆祝友谊吧！,,,,2026-04-18 17:13:20,https://weibo.com/5200478600/Qx5Vvecxq,西瓜你个哈密瓜呀 :,西瓜你个哈密瓜呀,消极,5,失望,其他,SnowNLP快速分析,2,10,是,消极,snownlp,"[{""category"": ""其他"", ""aspect"": ""整体体验"", ""polarity"": ""中性"", ""intensity"": ""3"", ""specific_emotion"": ""中性"", ""csi_score"": ""50""}]",10,未知
weibo,weibo_3_1776503624,首日直击｜感谢一整天的陪伴，你们是奇妙的主角！  ❤10岁生日庆典的第一天，从清晨到夜幕落下，你们，才是奇妙的主角，加你更奇妙！  🎈迪士尼朋友们换上绚丽新装，与大家拥抱合影，分享喜悦。 🎉 “奇妙有你”氛围组的欢快舞步，点亮每一张笑脸；达菲萌友们的友谊小船，带来无限梦幻想象；夏奇羊的演唱会巴士，燃爆全场！ 🏰全新的“奇妙之心”城堡秀，奇妙水晶的奥秘，是我们一起守候的。 🎇夜幕降临，烟花在城堡上空绽放，陪你在焕新的漫天绚烂中，许下星愿。  我们的故事，才刚开始。10岁生日庆典进行时，谢谢你们，仍然相信童话！  #上海迪士尼10岁生日首日直击# #上海迪士尼10岁生日# #加你更奇妙# #上海迪士尼10岁生日盛大开启#,,,,2026-04-18 17:13:44,https://weibo.com/5200478600/Qx0CIEFBF,见到刘宇宁了！这一个五年，我们继续相伴而行！@摩登兄弟刘宇宁,尊都都粉,积极,5,满意,其他,SnowNLP快速分析,95,0,否,积极,snownlp,"[{""category"": ""其他"", ""aspect"": ""整体体验"", ""polarity"": ""中性"", ""intensity"": ""3"", ""specific_emotion"": ""中性"", ""csi_score"": ""50""}]",0,未知
weibo,weibo_3_1776503624,首日直击｜感谢一整天的陪伴，你们是奇妙的主角！  ❤10岁生日庆典的第一天，从清晨到夜幕落下，你们，才是奇妙的主角，加你更奇妙！  🎈迪士尼朋友们换上绚丽新装，与大家拥抱合影，分享喜悦。 🎉 “奇妙有你”氛围组的欢快舞步，点亮每一张笑脸；达菲萌友们的友谊小船，带来无限梦幻想象；夏奇羊的演唱会巴士，燃爆全场！ 🏰全新的“奇妙之心”城堡秀，奇妙水晶的奥秘，是我们一起守候的。 🎇夜幕降临，烟花在城堡上空绽放，陪你在焕新的漫天绚烂中，许下星愿。  我们的故事，才刚开始。10岁生日庆典进行时，谢谢你们，仍然相信童话！  #上海迪士尼10岁生日首日直击# #上海迪士尼10岁生日# #加你更奇妙# #上海迪士尼10岁生日盛大开启#,,,,2026-04-18 17:13:44,https://weibo.com/5200478600/Qx0CIEFBF,哇塞,张梦浩haven,中性,3,中性,其他,SnowNLP快速分析,50,0,否,中性,snownlp,"[{""category"": ""其他"", ""aspect"": ""整体体验"", ""polarity"": ""中性"", ""intensity"": ""3"", ""specific_emotion"": ""中性"", ""csi_score"": ""50""}]",0,未知
weibo,weibo_3_1776503624,首日直击｜感谢一整天的陪伴，你们是奇妙的主角！  ❤10岁生日庆典的第一天，从清晨到夜幕落下，你们，才是奇妙的主角，加你更奇妙！  🎈迪士尼朋友们换上绚丽新装，与大家拥抱合影，分享喜悦。 🎉 “奇妙有你”氛围组的欢快舞步，点亮每一张笑脸；达菲萌友们的友谊小船，带来无限梦幻想象；夏奇羊的演唱会巴士，燃爆全场！ 🏰全新的“奇妙之心”城堡秀，奇妙水晶的奥秘，是我们一起守候的。 🎇夜幕降临，烟花在城堡上空绽放，陪你在焕新的漫天绚烂中，许下星愿。  我们的故事，才刚开始。10岁生日庆典进行时，谢谢你们，仍然相信童话！  #上海迪士尼10岁生日首日直击# #上海迪士尼10岁生日# #加你更奇妙# #上海迪士尼10岁生日盛大开启#,,,,2026-04-18 17:13:44,https://weibo.com/5200478600/Qx0CIEFBF,我又可以了,-狼个哩个狼-,中性,3,中性,其他,SnowNLP快速分析,50,0,否,中性,snownlp,"[{""category"": ""其他"", ""aspect"": ""整体体验"", ""polarity"": ""中性"", ""intensity"": ""3"", ""specific_emotion"": ""中性"", ""csi_score"": ""50""}]",0,未知
weibo,weibo_3_1776503624,首日直击｜感谢一整天的陪伴，你们是奇妙的主角！  ❤10岁生日庆典的第一天，从清晨到夜幕落下，你们，才是奇妙的主角，加你更奇妙！  🎈迪士尼朋友们换上绚丽新装，与大家拥抱合影，分享喜悦。 🎉 “奇妙有你”氛围组的欢快舞步，点亮每一张笑脸；达菲萌友们的友谊小船，带来无限梦幻想象；夏奇羊的演唱会巴士，燃爆全场！ 🏰全新的“奇妙之心”城堡秀，奇妙水晶的奥秘，是我们一起守候的。 🎇夜幕降临，烟花在城堡上空绽放，陪你在焕新的漫天绚烂中，许下星愿。  我们的故事，才刚开始。10岁生日庆典进行时，谢谢你们，仍然相信童话！  #上海迪士尼10岁生日首日直击# #上海迪士尼10岁生日# #加你更奇妙# #上海迪士尼10岁生日盛大开启#,,,,2026-04-18 17:13:44,https://weibo.com/5200478600/Qx0CIEFBF,过去的将来7087 :,过去的将来7087,积极,4,满意,其他,SnowNLP快速分析,78,0,否,积极,snownlp,"[{""category"": ""其他"", ""aspect"": ""整体体验"", ""polarity"": ""中性"", ""intensity"": ""3"", ""specific_emotion"": ""中性"", ""csi_score"": ""50""}]",0,未知
weibo,weibo_3_1776503624,首日直击｜感谢一整天的陪伴，你们是奇妙的主角！  ❤10岁生日庆典的第一天，从清晨到夜幕落下，你们，才是奇妙的主角，加你更奇妙！  🎈迪士尼朋友们换上绚丽新装，与大家拥抱合影，分享喜悦。 🎉 “奇妙有你”氛围组的欢快舞步，点亮每一张笑脸；达菲萌友们的友谊小船，带来无限梦幻想象；夏奇羊的演唱会巴士，燃爆全场！ 🏰全新的“奇妙之心”城堡秀，奇妙水晶的奥秘，是我们一起守候的。 🎇夜幕降临，烟花在城堡上空绽放，陪你在焕新的漫天绚烂中，许下星愿。  我们的故事，才刚开始。10岁生日庆典进行时，谢谢你们，仍然相信童话！  #上海迪士尼10岁生日首日直击# #上海迪士尼10岁生日# #加你更奇妙# #上海迪士尼10岁生日盛大开启#,,,,2026-04-18 17:13:44,https://weibo.com/5200478600/Qx0CIEFBF,啊啊啊啊啊啊啊啊等我！,马猴烧酒热热,积极,5,满意,其他,SnowNLP快速分析,98,0,否,积极,snownlp,"[{""category"": ""其他"", ""aspect"": ""整体体验"", ""polarity"": ""中性"", ""intensity"": ""3"", ""specific_emotion"": ""中性"", ""csi_score"": ""50""}]",0,未知
weibo,weibo_3_1776503624,首日直击｜感谢一整天的陪伴，你们是奇妙的主角！  ❤10岁生日庆典的第一天，从清晨到夜幕落下，你们，才是奇妙的主角，加你更奇妙！  🎈迪士尼朋友们换上绚丽新装，与大家拥抱合影，分享喜悦。 🎉 “奇妙有你”氛围组的欢快舞步，点亮每一张笑脸；达菲萌友们的友谊小船，带来无限梦幻想象；夏奇羊的演唱会巴士，燃爆全场！ 🏰全新的“奇妙之心”城堡秀，奇妙水晶的奥秘，是我们一起守候的。 🎇夜幕降临，烟花在城堡上空绽放，陪你在焕新的漫天绚烂中，许下星愿。  我们的故事，才刚开始。10岁生日庆典进行时，谢谢你们，仍然相信童话！  #上海迪士尼10岁生日首日直击# #上海迪士尼10岁生日# #加你更奇妙# #上海迪士尼10岁生日盛大开启#,,,,2026-04-18 17:13:44,https://weibo.com/5200478600/Qx0CIEFBF,很可爱，带来欢乐时光，好听的歌曲。,蓝海云婷,积极,5,满意,其他,SnowNLP快速分析,99,0,否,积极,snownlp,"[{""category"": ""其他"", ""aspect"": ""整体体验"", ""polarity"": ""积极"", ""intensity"": ""5"", ""specific_emotion"": ""满意"", ""csi_score"": ""82""}]",0,未知
weibo,weibo_3_1776503624,首日直击｜感谢一整天的陪伴，你们是奇妙的主角！  ❤10岁生日庆典的第一天，从清晨到夜幕落下，你们，才是奇妙的主角，加你更奇妙！  🎈迪士尼朋友们换上绚丽新装，与大家拥抱合影，分享喜悦。 🎉 “奇妙有你”氛围组的欢快舞步，点亮每一张笑脸；达菲萌友们的友谊小船，带来无限梦幻想象；夏奇羊的演唱会巴士，燃爆全场！ 🏰全新的“奇妙之心”城堡秀，奇妙水晶的奥秘，是我们一起守候的。 🎇夜幕降临，烟花在城堡上空绽放，陪你在焕新的漫天绚烂中，许下星愿。  我们的故事，才刚开始。10岁生日庆典进行时，谢谢你们，仍然相信童话！  #上海迪士尼10岁生日首日直击# #上海迪士尼10岁生日# #加你更奇妙# #上海迪士尼10岁生日盛大开启#,,,,2026-04-18 17:13:44,https://weibo.com/5200478600/Qx0CIEFBF,盲盒开出来真好看,遇见雨涧_遇见LYNing,中性,3,中性,其他,SnowNLP快速分析,50,0,否,中性,snownlp,"[{""category"": ""其他"", ""aspect"": ""整体体验"", ""polarity"": ""积极"", ""intensity"": ""5"", ""specific_emotion"": ""满意"", ""csi_score"": ""75""}]",0,未知
weibo,weibo_3_1776503624,首日直击｜感谢一整天的陪伴，你们是奇妙的主角！  ❤10岁生日庆典的第一天，从清晨到夜幕落下，你们，才是奇妙的主角，加你更奇妙！  🎈迪士尼朋友们换上绚丽新装，与大家拥抱合影，分享喜悦。 🎉 “奇妙有你”氛围组的欢快舞步，点亮每一张笑脸；达菲萌友们的友谊小船，带来无限梦幻想象；夏奇羊的演唱会巴士，燃爆全场！ 🏰全新的“奇妙之心”城堡秀，奇妙水晶的奥秘，是我们一起守候的。 🎇夜幕降临，烟花在城堡上空绽放，陪你在焕新的漫天绚烂中，许下星愿。  我们的故事，才刚开始。10岁生日庆典进行时，谢谢你们，仍然相信童话！  #上海迪士尼10岁生日首日直击# #上海迪士尼10岁生日# #加你更奇妙# #上海迪士尼10岁生日盛大开启#,,,,2026-04-18 17:13:44,https://weibo.com/5200478600/Qx0CIEFBF,想去。 上海迪士尼乐园,suri-ning,消极,5,失望,其他,SnowNLP快速分析,20,6,是,消极,snownlp,"[{""category"": ""其他"", ""aspect"": ""整体体验"", ""polarity"": ""中性"", ""intensity"": ""3"", ""specific_emotion"": ""中性"", ""csi_score"": ""50""}]",6,未知
weibo,weibo_3_1776503624,首日直击｜感谢一整天的陪伴，你们是奇妙的主角！  ❤10岁生日庆典的第一天，从清晨到夜幕落下，你们，才是奇妙的主角，加你更奇妙！  🎈迪士尼朋友们换上绚丽新装，与大家拥抱合影，分享喜悦。 🎉 “奇妙有你”氛围组的欢快舞步，点亮每一张笑脸；达菲萌友们的友谊小船，带来无限梦幻想象；夏奇羊的演唱会巴士，燃爆全场！ 🏰全新的“奇妙之心”城堡秀，奇妙水晶的奥秘，是我们一起守候的。 🎇夜幕降临，烟花在城堡上空绽放，陪你在焕新的漫天绚烂中，许下星愿。  我们的故事，才刚开始。10岁生日庆典进行时，谢谢你们，仍然相信童话！  #上海迪士尼10岁生日首日直击# #上海迪士尼10岁生日# #加你更奇妙# #上海迪士尼10岁生日盛大开启#,,,,2026-04-18 17:13:44,https://weibo.com/5200478600/Qx0CIEFBF,摩登兄弟超话#刘宇宁出席上海迪士尼生日庆典# #上海迪士尼10岁生日庆典主题曲# 十周年庆典有我。真是值得纪念的一天@摩登兄弟刘宇宁,jiang---33,积极,5,满意,其他,SnowNLP快速分析,99,0,否,积极,snownlp,"[{""category"": ""其他"", ""aspect"": ""整体体验"", ""polarity"": ""积极"", ""intensity"": ""5"", ""specific_emotion"": ""满意"", ""csi_score"": ""75""}]",0,未知
weibo,weibo_3_1776503624,首日直击｜感谢一整天的陪伴，你们是奇妙的主角！  ❤10岁生日庆典的第一天，从清晨到夜幕落下，你们，才是奇妙的主角，加你更奇妙！  🎈迪士尼朋友们换上绚丽新装，与大家拥抱合影，分享喜悦。 🎉 “奇妙有你”氛围组的欢快舞步，点亮每一张笑脸；达菲萌友们的友谊小船，带来无限梦幻想象；夏奇羊的演唱会巴士，燃爆全场！ 🏰全新的“奇妙之心”城堡秀，奇妙水晶的奥秘，是我们一起守候的。 🎇夜幕降临，烟花在城堡上空绽放，陪你在焕新的漫天绚烂中，许下星愿。  我们的故事，才刚开始。10岁生日庆典进行时，谢谢你们，仍然相信童话！  #上海迪士尼10岁生日首日直击# #上海迪士尼10岁生日# #加你更奇妙# #上海迪士尼10岁生日盛大开启#,,,,2026-04-18 17:13:44,https://weibo.com/5200478600/Qx0CIEFBF,🎉🎉🎉🎉🎉🎆🎆🎆🎆🎆,ERTangledEverAfter,中性,3,中性,其他,SnowNLP快速分析,50,0,否,中性,snownlp,"[{""category"": ""其他"", ""aspect"": ""整体体验"", ""polarity"": ""中性"", ""intensity"": ""3"", ""specific_emotion"": ""中性"", ""csi_score"": ""50""}]",0,未知
weibo,weibo_3_1776503624,首日直击｜感谢一整天的陪伴，你们是奇妙的主角！  ❤10岁生日庆典的第一天，从清晨到夜幕落下，你们，才是奇妙的主角，加你更奇妙！  🎈迪士尼朋友们换上绚丽新装，与大家拥抱合影，分享喜悦。 🎉 “奇妙有你”氛围组的欢快舞步，点亮每一张笑脸；达菲萌友们的友谊小船，带来无限梦幻想象；夏奇羊的演唱会巴士，燃爆全场！ 🏰全新的“奇妙之心”城堡秀，奇妙水晶的奥秘，是我们一起守候的。 🎇夜幕降临，烟花在城堡上空绽放，陪你在焕新的漫天绚烂中，许下星愿。  我们的故事，才刚开始。10岁生日庆典进行时，谢谢你们，仍然相信童话！  #上海迪士尼10岁生日首日直击# #上海迪士尼10岁生日# #加你更奇妙# #上海迪士尼10岁生日盛大开启#,,,,2026-04-18 17:13:44,https://weibo.com/5200478600/Qx0CIEFBF,太幸福啦 迪士尼總是給人驚喜和幸福滿滿的氛圍,LYN_香宁妃妃,中性,3,中性,其他,SnowNLP快速分析,50,0,否,中性,snownlp,"[{""category"": ""其他"", ""aspect"": ""整体体验"", ""polarity"": ""中性"", ""intensity"": ""3"", ""specific_emotion"": ""中性"", ""csi_score"": ""50""}]",0,未知
weibo,weibo_3_1776503624,首日直击｜感谢一整天的陪伴，你们是奇妙的主角！  ❤10岁生日庆典的第一天，从清晨到夜幕落下，你们，才是奇妙的主角，加你更奇妙！  🎈迪士尼朋友们换上绚丽新装，与大家拥抱合影，分享喜悦。 🎉 “奇妙有你”氛围组的欢快舞步，点亮每一张笑脸；达菲萌友们的友谊小船，带来无限梦幻想象；夏奇羊的演唱会巴士，燃爆全场！ 🏰全新的“奇妙之心”城堡秀，奇妙水晶的奥秘，是我们一起守候的。 🎇夜幕降临，烟花在城堡上空绽放，陪你在焕新的漫天绚烂中，许下星愿。  我们的故事，才刚开始。10岁生日庆典进行时，谢谢你们，仍然相信童话！  #上海迪士尼10岁生日首日直击# #上海迪士尼10岁生日# #加你更奇妙# #上海迪士尼10岁生日盛大开启#,,,,2026-04-18 17:13:44,https://weibo.com/5200478600/Qx0CIEFBF,上海迪士尼生日快乐，期待刘宇宁与上海迪士尼的再次相遇！！！！,随Begonia,积极,5,满意,其他,SnowNLP快速分析,99,0,否,积极,snownlp,"[{""category"": ""其他"", ""aspect"": ""整体体验"", ""polarity"": ""中性"", ""intensity"": ""3"", ""specific_emotion"": ""中性"", ""csi_score"": ""50""}]",0,未知
weibo,weibo_3_1776503624,首日直击｜感谢一整天的陪伴，你们是奇妙的主角！  ❤10岁生日庆典的第一天，从清晨到夜幕落下，你们，才是奇妙的主角，加你更奇妙！  🎈迪士尼朋友们换上绚丽新装，与大家拥抱合影，分享喜悦。 🎉 “奇妙有你”氛围组的欢快舞步，点亮每一张笑脸；达菲萌友们的友谊小船，带来无限梦幻想象；夏奇羊的演唱会巴士，燃爆全场！ 🏰全新的“奇妙之心”城堡秀，奇妙水晶的奥秘，是我们一起守候的。 🎇夜幕降临，烟花在城堡上空绽放，陪你在焕新的漫天绚烂中，许下星愿。  我们的故事，才刚开始。10岁生日庆典进行时，谢谢你们，仍然相信童话！  #上海迪士尼10岁生日首日直击# #上海迪士尼10岁生日# #加你更奇妙# #上海迪士尼10岁生日盛大开启#,,,,2026-04-18 17:13:44,https://weibo.com/5200478600/Qx0CIEFBF,十周年快乐，期待下次与迪士尼宁王子的相遇,MD_刘宇宁的吉祥朱雀南辞时予,积极,5,满意,其他,SnowNLP快速分析,99,0,否,积极,snownlp,"[{""category"": ""其他"", ""aspect"": ""整体体验"", ""polarity"": ""中性"", ""intensity"": ""3"", ""specific_emotion"": ""中性"", ""csi_score"": ""50""}]",0,未知
weibo,weibo_4_1776503648,首日直击｜刘宇宁惊喜亮相主入口钟楼  上海迪士尼老朋友@摩登兄弟刘宇宁 惊喜亮相上海迪士尼乐园主入口钟楼，携手“奇妙有你”欢庆团一起欢迎大家的到来，共庆10岁生日庆典！你捕捉到这份奇妙时刻了吗？ #上海迪士尼10岁生日首日直击##上海迪士尼10岁生日##加你更奇妙##奇妙在身边手势舞# 上海迪士尼度假区的微博视频,,,,2026-04-18 17:14:08,https://weibo.com/5200478600/Qx0wnq4Em,太太可爱了，好喜欢刘宇宁和迪士尼的搭配,向日葵杨小米-,积极,5,满意,其他,SnowNLP快速分析,98,0,否,积极,snownlp,"[{""category"": ""其他"", ""aspect"": ""整体体验"", ""polarity"": ""积极"", ""intensity"": ""5"", ""specific_emotion"": ""满意"", ""csi_score"": ""100""}]",0,未知
weibo,weibo_4_1776503648,首日直击｜刘宇宁惊喜亮相主入口钟楼  上海迪士尼老朋友@摩登兄弟刘宇宁 惊喜亮相上海迪士尼乐园主入口钟楼，携手“奇妙有你”欢庆团一起欢迎大家的到来，共庆10岁生日庆典！你捕捉到这份奇妙时刻了吗？ #上海迪士尼10岁生日首日直击##上海迪士尼10岁生日##加你更奇妙##奇妙在身边手势舞# 上海迪士尼度假区的微博视频,,,,2026-04-18 17:14:08,https://weibo.com/5200478600/Qx0wnq4Em,好快乐@摩登兄弟刘宇宁,你身上的光w,积极,5,满意,其他,SnowNLP快速分析,99,0,否,积极,snownlp,"[{""category"": ""其他"", ""aspect"": ""整体体验"", ""polarity"": ""积极"", ""intensity"": ""5"", ""specific_emotion"": ""满意"", ""csi_score"": ""75""}]",0,未知
weibo,weibo_4_1776503648,首日直击｜刘宇宁惊喜亮相主入口钟楼  上海迪士尼老朋友@摩登兄弟刘宇宁 惊喜亮相上海迪士尼乐园主入口钟楼，携手“奇妙有你”欢庆团一起欢迎大家的到来，共庆10岁生日庆典！你捕捉到这份奇妙时刻了吗？ #上海迪士尼10岁生日首日直击##上海迪士尼10岁生日##加你更奇妙##奇妙在身边手势舞# 上海迪士尼度假区的微博视频,,,,2026-04-18 17:14:08,https://weibo.com/5200478600/Qx0wnq4Em,真棒有刘宇宁[好喜歡][好喜歡],ericayuen21,积极,5,满意,其他,SnowNLP快速分析,95,0,否,积极,snownlp,"[{""category"": ""其他"", ""aspect"": ""整体体验"", ""polarity"": ""积极"", ""intensity"": ""5"", ""specific_emotion"": ""满意"", ""csi_score"": ""100""}]",0,未知
weibo,weibo_4_1776503648,首日直击｜刘宇宁惊喜亮相主入口钟楼  上海迪士尼老朋友@摩登兄弟刘宇宁 惊喜亮相上海迪士尼乐园主入口钟楼，携手“奇妙有你”欢庆团一起欢迎大家的到来，共庆10岁生日庆典！你捕捉到这份奇妙时刻了吗？ #上海迪士尼10岁生日首日直击##上海迪士尼10岁生日##加你更奇妙##奇妙在身边手势舞# 上海迪士尼度假区的微博视频,,,,2026-04-18 17:14:08,https://weibo.com/5200478600/Qx0wnq4Em,@摩登兄弟刘宇宁 一起欢庆上海迪士尼十周年庆典,宁的小痴妹,积极,5,满意,其他,SnowNLP快速分析,98,0,否,积极,snownlp,"[{""category"": ""其他"", ""aspect"": ""整体体验"", ""polarity"": ""中性"", ""intensity"": ""3"", ""specific_emotion"": ""中性"", ""csi_score"": ""50""}]",0,未知
weibo,weibo_4_1776503648,首日直击｜刘宇宁惊喜亮相主入口钟楼  上海迪士尼老朋友@摩登兄弟刘宇宁 惊喜亮相上海迪士尼乐园主入口钟楼，携手“奇妙有你”欢庆团一起欢迎大家的到来，共庆10岁生日庆典！你捕捉到这份奇妙时刻了吗？ #上海迪士尼10岁生日首日直击##上海迪士尼10岁生日##加你更奇妙##奇妙在身边手势舞# 上海迪士尼度假区的微博视频,,,,2026-04-18 17:14:08,https://weibo.com/5200478600/Qx0wnq4Em,爱YN5:,爱YN5,积极,4,满意,其他,SnowNLP快速分析,72,0,否,积极,snownlp,"[{""category"": ""其他"", ""aspect"": ""整体体验"", ""polarity"": ""中性"", ""intensity"": ""3"", ""specific_emotion"": ""中性"", ""csi_score"": ""50""}]",0,未知
weibo,weibo_4_1776503648,首日直击｜刘宇宁惊喜亮相主入口钟楼  上海迪士尼老朋友@摩登兄弟刘宇宁 惊喜亮相上海迪士尼乐园主入口钟楼，携手“奇妙有你”欢庆团一起欢迎大家的到来，共庆10岁生日庆典！你捕捉到这份奇妙时刻了吗？ #上海迪士尼10岁生日首日直击##上海迪士尼10岁生日##加你更奇妙##奇妙在身边手势舞# 上海迪士尼度假区的微博视频,,,,2026-04-18 17:14:08,https://weibo.com/5200478600/Qx0wnq4Em,好帅的男人,在雪山听歌剧的熊猫,中性,3,中性,其他,SnowNLP快速分析,50,0,否,中性,snownlp,"[{""category"": ""其他"", ""aspect"": ""整体体验"", ""polarity"": ""积极"", ""intensity"": ""5"", ""specific_emotion"": ""满意"", ""csi_score"": ""75""}]",0,未知
weibo,weibo_4_1776503648,首日直击｜刘宇宁惊喜亮相主入口钟楼  上海迪士尼老朋友@摩登兄弟刘宇宁 惊喜亮相上海迪士尼乐园主入口钟楼，携手“奇妙有你”欢庆团一起欢迎大家的到来，共庆10岁生日庆典！你捕捉到这份奇妙时刻了吗？ #上海迪士尼10岁生日首日直击##上海迪士尼10岁生日##加你更奇妙##奇妙在身边手势舞# 上海迪士尼度假区的微博视频,,,,2026-04-18 17:14:08,https://weibo.com/5200478600/Qx0wnq4Em,@摩登兄弟刘宇宁 一起欢庆上海迪士尼十周年庆典,LYN永遠支持你,积极,5,满意,其他,SnowNLP快速分析,98,0,否,积极,snownlp,"[{""category"": ""其他"", ""aspect"": ""整体体验"", ""polarity"": ""中性"", ""intensity"": ""3"", ""specific_emotion"": ""中性"", ""csi_score"": ""50""}]",0,未知
weibo,weibo_4_1776503648,首日直击｜刘宇宁惊喜亮相主入口钟楼  上海迪士尼老朋友@摩登兄弟刘宇宁 惊喜亮相上海迪士尼乐园主入口钟楼，携手“奇妙有你”欢庆团一起欢迎大家的到来，共庆10岁生日庆典！你捕捉到这份奇妙时刻了吗？ #上海迪士尼10岁生日首日直击##上海迪士尼10岁生日##加你更奇妙##奇妙在身边手势舞# 上海迪士尼度假区的微博视频,,,,2026-04-18 17:14:08,https://weibo.com/5200478600/Qx0wnq4Em,「奇妙在身边」十年相伴，初心不改。一起点亮星光榜，助力更多曝光，用行动守护热爱，不负相遇✨@摩登兄弟刘宇宁,Yning_艾米米,积极,5,满意,其他,SnowNLP快速分析,99,0,否,积极,snownlp,"[{""category"": ""其他"", ""aspect"": ""整体体验"", ""polarity"": ""中性"", ""intensity"": ""3"", ""specific_emotion"": ""中性"", ""csi_score"": ""50""}]",0,未知
weibo,weibo_4_1776503648,首日直击｜刘宇宁惊喜亮相主入口钟楼  上海迪士尼老朋友@摩登兄弟刘宇宁 惊喜亮相上海迪士尼乐园主入口钟楼，携手“奇妙有你”欢庆团一起欢迎大家的到来，共庆10岁生日庆典！你捕捉到这份奇妙时刻了吗？ #上海迪士尼10岁生日首日直击##上海迪士尼10岁生日##加你更奇妙##奇妙在身边手势舞# 上海迪士尼度假区的微博视频,,,,2026-04-18 17:14:08,https://weibo.com/5200478600/Qx0wnq4Em,摩登兄弟超话 #刘宇宁迪士尼# #刘宇宁上海迪士尼十周年活动# 好帅气 好可爱@摩登兄弟刘宇宁,LYN的小别兔,积极,5,满意,其他,SnowNLP快速分析,99,0,否,积极,snownlp,"[{""category"": ""其他"", ""aspect"": ""整体体验"", ""polarity"": ""积极"", ""intensity"": ""5"", ""specific_emotion"": ""满意"", ""csi_score"": ""75""}]",0,未知
weibo,weibo_4_1776503648,首日直击｜刘宇宁惊喜亮相主入口钟楼  上海迪士尼老朋友@摩登兄弟刘宇宁 惊喜亮相上海迪士尼乐园主入口钟楼，携手“奇妙有你”欢庆团一起欢迎大家的到来，共庆10岁生日庆典！你捕捉到这份奇妙时刻了吗？ #上海迪士尼10岁生日首日直击##上海迪士尼10岁生日##加你更奇妙##奇妙在身边手势舞# 上海迪士尼度假区的微博视频,,,,2026-04-18 17:14:08,https://weibo.com/5200478600/Qx0wnq4Em,奇妙的惊喜+奇妙在身边@摩登兄弟刘宇宁 摩登兄弟超话 #刘宇宁#,Ling__Kelly,积极,5,满意,其他,SnowNLP快速分析,99,0,否,积极,snownlp,"[{""category"": ""其他"", ""aspect"": ""整体体验"", ""polarity"": ""中性"", ""intensity"": ""3"", ""specific_emotion"": ""中性"", ""csi_score"": ""50""}]",0,未知
weibo,weibo_4_1776503648,首日直击｜刘宇宁惊喜亮相主入口钟楼  上海迪士尼老朋友@摩登兄弟刘宇宁 惊喜亮相上海迪士尼乐园主入口钟楼，携手“奇妙有你”欢庆团一起欢迎大家的到来，共庆10岁生日庆典！你捕捉到这份奇妙时刻了吗？ #上海迪士尼10岁生日首日直击##上海迪士尼10岁生日##加你更奇妙##奇妙在身边手势舞# 上海迪士尼度假区的微博视频,,,,2026-04-18 17:14:08,https://weibo.com/5200478600/Qx0wnq4Em,刘宇宁跳的真好,云不落的云,积极,4,满意,其他,SnowNLP快速分析,76,0,否,积极,snownlp,"[{""category"": ""其他"", ""aspect"": ""整体体验"", ""polarity"": ""积极"", ""intensity"": ""5"", ""specific_emotion"": ""满意"", ""csi_score"": ""75""}]",0,未知
weibo,weibo_4_1776503648,首日直击｜刘宇宁惊喜亮相主入口钟楼  上海迪士尼老朋友@摩登兄弟刘宇宁 惊喜亮相上海迪士尼乐园主入口钟楼，携手“奇妙有你”欢庆团一起欢迎大家的到来，共庆10岁生日庆典！你捕捉到这份奇妙时刻了吗？ #上海迪士尼10岁生日首日直击##上海迪士尼10岁生日##加你更奇妙##奇妙在身边手势舞# 上海迪士尼度假区的微博视频,,,,2026-04-18 17:14:08,https://weibo.com/5200478600/Qx0wnq4Em,宁的陪伴「奇妙在身边」十年相伴，初心不改。一起点亮星光榜，助力更多曝光，用行动守护热爱，不负相遇✨@摩登兄弟刘宇宁,LYN的赫心光,积极,5,满意,其他,SnowNLP快速分析,99,0,否,积极,snownlp,"[{""category"": ""其他"", ""aspect"": ""整体体验"", ""polarity"": ""中性"", ""intensity"": ""3"", ""specific_emotion"": ""中性"", ""csi_score"": ""50""}]",0,未知
weibo,weibo_4_1776503648,首日直击｜刘宇宁惊喜亮相主入口钟楼  上海迪士尼老朋友@摩登兄弟刘宇宁 惊喜亮相上海迪士尼乐园主入口钟楼，携手“奇妙有你”欢庆团一起欢迎大家的到来，共庆10岁生日庆典！你捕捉到这份奇妙时刻了吗？ #上海迪士尼10岁生日首日直击##上海迪士尼10岁生日##加你更奇妙##奇妙在身边手势舞# 上海迪士尼度假区的微博视频,,,,2026-04-18 17:14:08,https://weibo.com/5200478600/Qx0wnq4Em,太可爱太帅了@摩登兄弟刘宇宁,LiLi寻一个宁,积极,5,满意,其他,SnowNLP快速分析,99,0,否,积极,snownlp,"[{""category"": ""其他"", ""aspect"": ""整体体验"", ""polarity"": ""中性"", ""intensity"": ""3"", ""specific_emotion"": ""中性"", ""csi_score"": ""50""}]",0,未知
weibo,weibo_4_1776503648,首日直击｜刘宇宁惊喜亮相主入口钟楼  上海迪士尼老朋友@摩登兄弟刘宇宁 惊喜亮相上海迪士尼乐园主入口钟楼，携手“奇妙有你”欢庆团一起欢迎大家的到来，共庆10岁生日庆典！你捕捉到这份奇妙时刻了吗？ #上海迪士尼10岁生日首日直击##上海迪士尼10岁生日##加你更奇妙##奇妙在身边手势舞# 上海迪士尼度假区的微博视频,,,,2026-04-18 17:14:08,https://weibo.com/5200478600/Qx0wnq4Em,棒棒哒刘宇宁,飔宁lyn0108,积极,4,满意,其他,SnowNLP快速分析,77,0,否,积极,snownlp,"[{""category"": ""其他"", ""aspect"": ""整体体验"", ""polarity"": ""积极"", ""intensity"": ""5"", ""specific_emotion"": ""满意"", ""csi_score"": ""75""}]",0,未知
weibo,weibo_5_1776503686,首日直击｜今夜，奇妙就在身边  🎆 夜幕降临，奇梦之光幻影秀迎来10岁生日庆典特别呈现！  10 岁生日限定的新续章——「奇妙在身边：十岁生日特别欢庆」将以更多彩的喷泉、激光、投影与花火，展现更立体，更生动的奇景～ 👀更有米奇跃然眼前，与你身边屏幕上的迪士尼朋友们遥相辉映，陪你许下星愿，仰望神奇，点亮一场感官与心灵的震撼之旅！  ✨每一个夜晚，与你相伴～陪你在焕新的漫天绚烂中，许下星愿！ #上海迪士尼10岁生日首日直击##上海迪士尼10岁生日##加你更奇妙##上海迪士尼10岁生日盛大开启#,,,,2026-04-18 17:14:46,https://weibo.com/5200478600/Qx0gC6VU0,@bunnychanmoumou,陈某某全球粉丝后援会,中性,3,中性,其他,SnowNLP快速分析,50,0,否,中性,snownlp,"[{""category"": ""其他"", ""aspect"": ""整体体验"", ""polarity"": ""中性"", ""intensity"": ""3"", ""specific_emotion"": ""中性"", ""csi_score"": ""50""}]",0,未知
weibo,weibo_5_1776503686,首日直击｜今夜，奇妙就在身边  🎆 夜幕降临，奇梦之光幻影秀迎来10岁生日庆典特别呈现！  10 岁生日限定的新续章——「奇妙在身边：十岁生日特别欢庆」将以更多彩的喷泉、激光、投影与花火，展现更立体，更生动的奇景～ 👀更有米奇跃然眼前，与你身边屏幕上的迪士尼朋友们遥相辉映，陪你许下星愿，仰望神奇，点亮一场感官与心灵的震撼之旅！  ✨每一个夜晚，与你相伴～陪你在焕新的漫天绚烂中，许下星愿！ #上海迪士尼10岁生日首日直击##上海迪士尼10岁生日##加你更奇妙##上海迪士尼10岁生日盛大开启#,,,,2026-04-18 17:14:46,https://weibo.com/5200478600/Qx0gC6VU0,昨天现场直击！,叶无聊爱天天啦啦啦,中性,3,中性,其他,SnowNLP快速分析,50,0,否,中性,snownlp,"[{""category"": ""其他"", ""aspect"": ""整体体验"", ""polarity"": ""中性"", ""intensity"": ""3"", ""specific_emotion"": ""中性"", ""csi_score"": ""50""}]",0,未知
weibo,weibo_5_1776503686,首日直击｜今夜，奇妙就在身边  🎆 夜幕降临，奇梦之光幻影秀迎来10岁生日庆典特别呈现！  10 岁生日限定的新续章——「奇妙在身边：十岁生日特别欢庆」将以更多彩的喷泉、激光、投影与花火，展现更立体，更生动的奇景～ 👀更有米奇跃然眼前，与你身边屏幕上的迪士尼朋友们遥相辉映，陪你许下星愿，仰望神奇，点亮一场感官与心灵的震撼之旅！  ✨每一个夜晚，与你相伴～陪你在焕新的漫天绚烂中，许下星愿！ #上海迪士尼10岁生日首日直击##上海迪士尼10岁生日##加你更奇妙##上海迪士尼10岁生日盛大开启#,,,,2026-04-18 17:14:46,https://weibo.com/5200478600/Qx0gC6VU0,#刘宇宁出席上海迪士尼生日庆典# 摩登兄弟超话#上海迪士尼10岁生日首日直击# #神奇的闲鱼代言人刘宇宁# #刘宇宁321闲鱼直播# #加你更奇妙# 世界上最快乐的地方迪士尼乐园我还想再去无数次,幸福的艾莉丝ALICE,中性,3,中性,其他,SnowNLP快速分析,50,0,否,中性,snownlp,"[{""category"": ""其他"", ""aspect"": ""整体体验"", ""polarity"": ""中性"", ""intensity"": ""3"", ""specific_emotion"": ""中性"", ""csi_score"": ""50""}]",0,未知
weibo,weibo_5_1776503686,首日直击｜今夜，奇妙就在身边  🎆 夜幕降临，奇梦之光幻影秀迎来10岁生日庆典特别呈现！  10 岁生日限定的新续章——「奇妙在身边：十岁生日特别欢庆」将以更多彩的喷泉、激光、投影与花火，展现更立体，更生动的奇景～ 👀更有米奇跃然眼前，与你身边屏幕上的迪士尼朋友们遥相辉映，陪你许下星愿，仰望神奇，点亮一场感官与心灵的震撼之旅！  ✨每一个夜晚，与你相伴～陪你在焕新的漫天绚烂中，许下星愿！ #上海迪士尼10岁生日首日直击##上海迪士尼10岁生日##加你更奇妙##上海迪士尼10岁生日盛大开启#,,,,2026-04-18 17:14:46,https://weibo.com/5200478600/Qx0gC6VU0,Alen_zhang83738:,Alen_zhang83738,中性,3,中性,其他,SnowNLP快速分析,50,0,否,中性,snownlp,"[{""category"": ""其他"", ""aspect"": ""整体体验"", ""polarity"": ""中性"", ""intensity"": ""3"", ""specific_emotion"": ""中性"", ""csi_score"": ""50""}]",0,未知
weibo,weibo_5_1776503686,首日直击｜今夜，奇妙就在身边  🎆 夜幕降临，奇梦之光幻影秀迎来10岁生日庆典特别呈现！  10 岁生日限定的新续章——「奇妙在身边：十岁生日特别欢庆」将以更多彩的喷泉、激光、投影与花火，展现更立体，更生动的奇景～ 👀更有米奇跃然眼前，与你身边屏幕上的迪士尼朋友们遥相辉映，陪你许下星愿，仰望神奇，点亮一场感官与心灵的震撼之旅！  ✨每一个夜晚，与你相伴～陪你在焕新的漫天绚烂中，许下星愿！ #上海迪士尼10岁生日首日直击##上海迪士尼10岁生日##加你更奇妙##上海迪士尼10岁生日盛大开启#,,,,2026-04-18 17:14:46,https://weibo.com/5200478600/Qx0gC6VU0,脕風拂栁 :,脕風拂栁,中性,3,中性,其他,SnowNLP快速分析,50,0,否,中性,snownlp,"[{""category"": ""其他"", ""aspect"": ""整体体验"", ""polarity"": ""中性"", ""intensity"": ""3"", ""specific_emotion"": ""中性"", ""csi_score"": ""50""}]",0,未知
weibo,weibo_5_1776503686,首日直击｜今夜，奇妙就在身边  🎆 夜幕降临，奇梦之光幻影秀迎来10岁生日庆典特别呈现！  10 岁生日限定的新续章——「奇妙在身边：十岁生日特别欢庆」将以更多彩的喷泉、激光、投影与花火，展现更立体，更生动的奇景～ 👀更有米奇跃然眼前，与你身边屏幕上的迪士尼朋友们遥相辉映，陪你许下星愿，仰望神奇，点亮一场感官与心灵的震撼之旅！  ✨每一个夜晚，与你相伴～陪你在焕新的漫天绚烂中，许下星愿！ #上海迪士尼10岁生日首日直击##上海迪士尼10岁生日##加你更奇妙##上海迪士尼10岁生日盛大开启#,,,,2026-04-18 17:14:46,https://weibo.com/5200478600/Qx0gC6VU0,和刘宇宁一起庆祝十周年,Ning在风中的缎,积极,5,满意,其他,SnowNLP快速分析,83,0,否,积极,snownlp,"[{""category"": ""其他"", ""aspect"": ""整体体验"", ""polarity"": ""中性"", ""intensity"": ""3"", ""specific_emotion"": ""中性"", ""csi_score"": ""50""}]",0,未知
weibo,weibo_5_1776503686,首日直击｜今夜，奇妙就在身边  🎆 夜幕降临，奇梦之光幻影秀迎来10岁生日庆典特别呈现！  10 岁生日限定的新续章——「奇妙在身边：十岁生日特别欢庆」将以更多彩的喷泉、激光、投影与花火，展现更立体，更生动的奇景～ 👀更有米奇跃然眼前，与你身边屏幕上的迪士尼朋友们遥相辉映，陪你许下星愿，仰望神奇，点亮一场感官与心灵的震撼之旅！  ✨每一个夜晚，与你相伴～陪你在焕新的漫天绚烂中，许下星愿！ #上海迪士尼10岁生日首日直击##上海迪士尼10岁生日##加你更奇妙##上海迪士尼10岁生日盛大开启#,,,,2026-04-18 17:14:46,https://weibo.com/5200478600/Qx0gC6VU0,我女鹅 在现场看烟花了吗,三缄其口kk扣,积极,3,满意,其他,SnowNLP快速分析,66,0,否,积极,snownlp,"[{""category"": ""其他"", ""aspect"": ""整体体验"", ""polarity"": ""中性"", ""intensity"": ""3"", ""specific_emotion"": ""中性"", ""csi_score"": ""50""}]",0,未知
weibo,weibo_5_1776503686,首日直击｜今夜，奇妙就在身边  🎆 夜幕降临，奇梦之光幻影秀迎来10岁生日庆典特别呈现！  10 岁生日限定的新续章——「奇妙在身边：十岁生日特别欢庆」将以更多彩的喷泉、激光、投影与花火，展现更立体，更生动的奇景～ 👀更有米奇跃然眼前，与你身边屏幕上的迪士尼朋友们遥相辉映，陪你许下星愿，仰望神奇，点亮一场感官与心灵的震撼之旅！  ✨每一个夜晚，与你相伴～陪你在焕新的漫天绚烂中，许下星愿！ #上海迪士尼10岁生日首日直击##上海迪士尼10岁生日##加你更奇妙##上海迪士尼10岁生日盛大开启#,,,,2026-04-18 17:14:46,https://weibo.com/5200478600/Qx0gC6VU0,🍬🍬,rebeccaprincess113,中性,3,中性,其他,SnowNLP快速分析,50,0,否,中性,snownlp,"[{""category"": ""其他"", ""aspect"": ""整体体验"", ""polarity"": ""中性"", ""intensity"": ""3"", ""specific_emotion"": ""中性"", ""csi_score"": ""50""}]",0,未知
weibo,weibo_5_1776503686,首日直击｜今夜，奇妙就在身边  🎆 夜幕降临，奇梦之光幻影秀迎来10岁生日庆典特别呈现！  10 岁生日限定的新续章——「奇妙在身边：十岁生日特别欢庆」将以更多彩的喷泉、激光、投影与花火，展现更立体，更生动的奇景～ 👀更有米奇跃然眼前，与你身边屏幕上的迪士尼朋友们遥相辉映，陪你许下星愿，仰望神奇，点亮一场感官与心灵的震撼之旅！  ✨每一个夜晚，与你相伴～陪你在焕新的漫天绚烂中，许下星愿！ #上海迪士尼10岁生日首日直击##上海迪士尼10岁生日##加你更奇妙##上海迪士尼10岁生日盛大开启#,,,,2026-04-18 17:14:46,https://weibo.com/5200478600/Qx0gC6VU0,好梦幻好漂亮。跟着刘宇宁一起看美丽的世界,游鱼y一条唔识游水噶鱼,积极,5,满意,其他,SnowNLP快速分析,99,0,否,积极,snownlp,"[{""category"": ""其他"", ""aspect"": ""整体体验"", ""polarity"": ""积极"", ""intensity"": ""5"", ""specific_emotion"": ""满意"", ""csi_score"": ""75""}]",0,未知
weibo,weibo_5_1776503686,首日直击｜今夜，奇妙就在身边  🎆 夜幕降临，奇梦之光幻影秀迎来10岁生日庆典特别呈现！  10 岁生日限定的新续章——「奇妙在身边：十岁生日特别欢庆」将以更多彩的喷泉、激光、投影与花火，展现更立体，更生动的奇景～ 👀更有米奇跃然眼前，与你身边屏幕上的迪士尼朋友们遥相辉映，陪你许下星愿，仰望神奇，点亮一场感官与心灵的震撼之旅！  ✨每一个夜晚，与你相伴～陪你在焕新的漫天绚烂中，许下星愿！ #上海迪士尼10岁生日首日直击##上海迪士尼10岁生日##加你更奇妙##上海迪士尼10岁生日盛大开启#,,,,2026-04-18 17:14:46,https://weibo.com/5200478600/Qx0gC6VU0,太美了,为为D猫咪V,积极,4,满意,其他,SnowNLP快速分析,74,0,否,积极,snownlp,"[{""category"": ""其他"", ""aspect"": ""整体体验"", ""polarity"": ""中性"", ""intensity"": ""3"", ""specific_emotion"": ""中性"", ""csi_score"": ""50""}]",0,未知
weibo,weibo_5_1776503686,首日直击｜今夜，奇妙就在身边  🎆 夜幕降临，奇梦之光幻影秀迎来10岁生日庆典特别呈现！  10 岁生日限定的新续章——「奇妙在身边：十岁生日特别欢庆」将以更多彩的喷泉、激光、投影与花火，展现更立体，更生动的奇景～ 👀更有米奇跃然眼前，与你身边屏幕上的迪士尼朋友们遥相辉映，陪你许下星愿，仰望神奇，点亮一场感官与心灵的震撼之旅！  ✨每一个夜晚，与你相伴～陪你在焕新的漫天绚烂中，许下星愿！ #上海迪士尼10岁生日首日直击##上海迪士尼10岁生日##加你更奇妙##上海迪士尼10岁生日盛大开启#,,,,2026-04-18 17:14:46,https://weibo.com/5200478600/Qx0gC6VU0,和刘宇宁一起看了烟花,你就等一等我好吗,积极,5,满意,其他,SnowNLP快速分析,97,0,否,积极,snownlp,"[{""category"": ""其他"", ""aspect"": ""整体体验"", ""polarity"": ""中性"", ""intensity"": ""3"", ""specific_emotion"": ""中性"", ""csi_score"": ""50""}]",0,未知
weibo,weibo_5_1776503686,首日直击｜今夜，奇妙就在身边  🎆 夜幕降临，奇梦之光幻影秀迎来10岁生日庆典特别呈现！  10 岁生日限定的新续章——「奇妙在身边：十岁生日特别欢庆」将以更多彩的喷泉、激光、投影与花火，展现更立体，更生动的奇景～ 👀更有米奇跃然眼前，与你身边屏幕上的迪士尼朋友们遥相辉映，陪你许下星愿，仰望神奇，点亮一场感官与心灵的震撼之旅！  ✨每一个夜晚，与你相伴～陪你在焕新的漫天绚烂中，许下星愿！ #上海迪士尼10岁生日首日直击##上海迪士尼10岁生日##加你更奇妙##上海迪士尼10岁生日盛大开启#,,,,2026-04-18 17:14:46,https://weibo.com/5200478600/Qx0gC6VU0,哇。好漂亮啊,阳fafa,积极,5,满意,其他,SnowNLP快速分析,93,0,否,积极,snownlp,"[{""category"": ""其他"", ""aspect"": ""整体体验"", ""polarity"": ""积极"", ""intensity"": ""5"", ""specific_emotion"": ""满意"", ""csi_score"": ""75""}]",0,未知
weibo,weibo_5_1776503686,首日直击｜今夜，奇妙就在身边  🎆 夜幕降临，奇梦之光幻影秀迎来10岁生日庆典特别呈现！  10 岁生日限定的新续章——「奇妙在身边：十岁生日特别欢庆」将以更多彩的喷泉、激光、投影与花火，展现更立体，更生动的奇景～ 👀更有米奇跃然眼前，与你身边屏幕上的迪士尼朋友们遥相辉映，陪你许下星愿，仰望神奇，点亮一场感官与心灵的震撼之旅！  ✨每一个夜晚，与你相伴～陪你在焕新的漫天绚烂中，许下星愿！ #上海迪士尼10岁生日首日直击##上海迪士尼10岁生日##加你更奇妙##上海迪士尼10岁生日盛大开启#,,,,2026-04-18 17:14:46,https://weibo.com/5200478600/Qx0gC6VU0,太美了吧,MD_肉肉的桃子小姐,积极,4,满意,其他,SnowNLP快速分析,74,0,否,积极,snownlp,"[{""category"": ""其他"", ""aspect"": ""整体体验"", ""polarity"": ""中性"", ""intensity"": ""3"", ""specific_emotion"": ""中性"", ""csi_score"": ""50""}]",0,未知
weibo,weibo_6_1776503717,精彩回顾 |“加你更奇妙” 盛会，点亮新一年✨  为庆祝10岁生日庆典启幕，一场特别的“加你更奇妙”盛会举办。 上海迪士尼度假区管理层、演职人员代表，与受邀到场的粉丝、嘉宾欢聚一堂，共同开启一整年的精彩与欢乐！  🏰 上海迪士尼度假区总裁及总经理包兆天 (Andrew Bolstein)现场揭晓未来一整年全新限定体验，邀大家共赴更多奇妙时刻✨ 🎭 娱乐演出团队带来沉浸式舞台分享，揭秘全新演艺背后的创意灵感 👨‍🍳 主厨团队匠心呈现全新主题餐饮，展现多元美味创意 🛍️ 商品团队倾情分享新品故事，粉丝活力走秀惊艳全场 🐭 迪士尼朋友们携手 “奇妙有你” 氛围组欢乐登场，定格闪耀瞬间 🎤 @摩登兄弟刘宇宁 惊喜亮相，倾情献唱庆典主题曲《奇妙在身边》，将现场氛围推向高潮🔥  上海迪士尼10岁生日庆典，加你更奇妙！ #上海迪士尼10岁生日##加你更奇妙##上海迪士尼10岁生日盛大开启#,,,,2026-04-18 17:15:17,https://weibo.com/5200478600/Qx09uqGeT,宁超棒,守护星three,积极,5,满意,其他,SnowNLP快速分析,89,0,否,积极,snownlp,"[{""category"": ""其他"", ""aspect"": ""整体体验"", ""polarity"": ""积极"", ""intensity"": ""5"", ""specific_emotion"": ""满意"", ""csi_score"": ""75""}]",0,未知
weibo,weibo_6_1776503717,精彩回顾 |“加你更奇妙” 盛会，点亮新一年✨  为庆祝10岁生日庆典启幕，一场特别的“加你更奇妙”盛会举办。 上海迪士尼度假区管理层、演职人员代表，与受邀到场的粉丝、嘉宾欢聚一堂，共同开启一整年的精彩与欢乐！  🏰 上海迪士尼度假区总裁及总经理包兆天 (Andrew Bolstein)现场揭晓未来一整年全新限定体验，邀大家共赴更多奇妙时刻✨ 🎭 娱乐演出团队带来沉浸式舞台分享，揭秘全新演艺背后的创意灵感 👨‍🍳 主厨团队匠心呈现全新主题餐饮，展现多元美味创意 🛍️ 商品团队倾情分享新品故事，粉丝活力走秀惊艳全场 🐭 迪士尼朋友们携手 “奇妙有你” 氛围组欢乐登场，定格闪耀瞬间 🎤 @摩登兄弟刘宇宁 惊喜亮相，倾情献唱庆典主题曲《奇妙在身边》，将现场氛围推向高潮🔥  上海迪士尼10岁生日庆典，加你更奇妙！ #上海迪士尼10岁生日##加你更奇妙##上海迪士尼10岁生日盛大开启#,,,,2026-04-18 17:15:17,https://weibo.com/5200478600/Qx09uqGeT,宇寧王子好體貼，拍合照刻意降身高++++++++++寧更奇妙🎉恭喜迪士尼10週年！,逸彩之,消极,5,失望,其他,SnowNLP快速分析,13,8,是,消极,snownlp,"[{""category"": ""其他"", ""aspect"": ""整体体验"", ""polarity"": ""积极"", ""intensity"": ""5"", ""specific_emotion"": ""满意"", ""csi_score"": ""75""}]",8,未知
weibo,weibo_6_1776503717,精彩回顾 |“加你更奇妙” 盛会，点亮新一年✨  为庆祝10岁生日庆典启幕，一场特别的“加你更奇妙”盛会举办。 上海迪士尼度假区管理层、演职人员代表，与受邀到场的粉丝、嘉宾欢聚一堂，共同开启一整年的精彩与欢乐！  🏰 上海迪士尼度假区总裁及总经理包兆天 (Andrew Bolstein)现场揭晓未来一整年全新限定体验，邀大家共赴更多奇妙时刻✨ 🎭 娱乐演出团队带来沉浸式舞台分享，揭秘全新演艺背后的创意灵感 👨‍🍳 主厨团队匠心呈现全新主题餐饮，展现多元美味创意 🛍️ 商品团队倾情分享新品故事，粉丝活力走秀惊艳全场 🐭 迪士尼朋友们携手 “奇妙有你” 氛围组欢乐登场，定格闪耀瞬间 🎤 @摩登兄弟刘宇宁 惊喜亮相，倾情献唱庆典主题曲《奇妙在身边》，将现场氛围推向高潮🔥  上海迪士尼10岁生日庆典，加你更奇妙！ #上海迪士尼10岁生日##加你更奇妙##上海迪士尼10岁生日盛大开启#,,,,2026-04-18 17:15:17,https://weibo.com/5200478600/Qx09uqGeT,用户6375177979:,用户6375177979,消极,4,失望,其他,SnowNLP快速分析,23,5,是,消极,snownlp,"[{""category"": ""其他"", ""aspect"": ""整体体验"", ""polarity"": ""中性"", ""intensity"": ""3"", ""specific_emotion"": ""中性"", ""csi_score"": ""50""}]",5,未知
weibo,weibo_6_1776503717,精彩回顾 |“加你更奇妙” 盛会，点亮新一年✨  为庆祝10岁生日庆典启幕，一场特别的“加你更奇妙”盛会举办。 上海迪士尼度假区管理层、演职人员代表，与受邀到场的粉丝、嘉宾欢聚一堂，共同开启一整年的精彩与欢乐！  🏰 上海迪士尼度假区总裁及总经理包兆天 (Andrew Bolstein)现场揭晓未来一整年全新限定体验，邀大家共赴更多奇妙时刻✨ 🎭 娱乐演出团队带来沉浸式舞台分享，揭秘全新演艺背后的创意灵感 👨‍🍳 主厨团队匠心呈现全新主题餐饮，展现多元美味创意 🛍️ 商品团队倾情分享新品故事，粉丝活力走秀惊艳全场 🐭 迪士尼朋友们携手 “奇妙有你” 氛围组欢乐登场，定格闪耀瞬间 🎤 @摩登兄弟刘宇宁 惊喜亮相，倾情献唱庆典主题曲《奇妙在身边》，将现场氛围推向高潮🔥  上海迪士尼10岁生日庆典，加你更奇妙！ #上海迪士尼10岁生日##加你更奇妙##上海迪士尼10岁生日盛大开启#,,,,2026-04-18 17:15:17,https://weibo.com/5200478600/Qx09uqGeT,和@摩登兄弟刘宇宁 一起去世界上最快乐的地方是最幸福的事！,为宁而来920,积极,5,满意,其他,SnowNLP快速分析,99,0,否,积极,snownlp,"[{""category"": ""其他"", ""aspect"": ""整体体验"", ""polarity"": ""中性"", ""intensity"": ""3"", ""specific_emotion"": ""中性"", ""csi_score"": ""50""}]",0,未知
weibo,weibo_6_1776503717,精彩回顾 |“加你更奇妙” 盛会，点亮新一年✨  为庆祝10岁生日庆典启幕，一场特别的“加你更奇妙”盛会举办。 上海迪士尼度假区管理层、演职人员代表，与受邀到场的粉丝、嘉宾欢聚一堂，共同开启一整年的精彩与欢乐！  🏰 上海迪士尼度假区总裁及总经理包兆天 (Andrew Bolstein)现场揭晓未来一整年全新限定体验，邀大家共赴更多奇妙时刻✨ 🎭 娱乐演出团队带来沉浸式舞台分享，揭秘全新演艺背后的创意灵感 👨‍🍳 主厨团队匠心呈现全新主题餐饮，展现多元美味创意 🛍️ 商品团队倾情分享新品故事，粉丝活力走秀惊艳全场 🐭 迪士尼朋友们携手 “奇妙有你” 氛围组欢乐登场，定格闪耀瞬间 🎤 @摩登兄弟刘宇宁 惊喜亮相，倾情献唱庆典主题曲《奇妙在身边》，将现场氛围推向高潮🔥  上海迪士尼10岁生日庆典，加你更奇妙！ #上海迪士尼10岁生日##加你更奇妙##上海迪士尼10岁生日盛大开启#,,,,2026-04-18 17:15:17,https://weibo.com/5200478600/Qx09uqGeT,迪士尼在逃小王子刘宇宁@摩登兄弟刘宇宁,yuni古德猫Ning,积极,5,满意,其他,SnowNLP快速分析,99,0,否,积极,snownlp,"[{""category"": ""其他"", ""aspect"": ""整体体验"", ""polarity"": ""中性"", ""intensity"": ""3"", ""specific_emotion"": ""中性"", ""csi_score"": ""50""}]",0,未知
weibo,weibo_6_1776503717,精彩回顾 |“加你更奇妙” 盛会，点亮新一年✨  为庆祝10岁生日庆典启幕，一场特别的“加你更奇妙”盛会举办。 上海迪士尼度假区管理层、演职人员代表，与受邀到场的粉丝、嘉宾欢聚一堂，共同开启一整年的精彩与欢乐！  🏰 上海迪士尼度假区总裁及总经理包兆天 (Andrew Bolstein)现场揭晓未来一整年全新限定体验，邀大家共赴更多奇妙时刻✨ 🎭 娱乐演出团队带来沉浸式舞台分享，揭秘全新演艺背后的创意灵感 👨‍🍳 主厨团队匠心呈现全新主题餐饮，展现多元美味创意 🛍️ 商品团队倾情分享新品故事，粉丝活力走秀惊艳全场 🐭 迪士尼朋友们携手 “奇妙有你” 氛围组欢乐登场，定格闪耀瞬间 🎤 @摩登兄弟刘宇宁 惊喜亮相，倾情献唱庆典主题曲《奇妙在身边》，将现场氛围推向高潮🔥  上海迪士尼10岁生日庆典，加你更奇妙！ #上海迪士尼10岁生日##加你更奇妙##上海迪士尼10岁生日盛大开启#,,,,2026-04-18 17:15:17,https://weibo.com/5200478600/Qx09uqGeT,老大好帅,Miss_清宁,消极,5,失望,其他,SnowNLP快速分析,17,7,是,消极,snownlp,"[{""category"": ""其他"", ""aspect"": ""整体体验"", ""polarity"": ""积极"", ""intensity"": ""5"", ""specific_emotion"": ""满意"", ""csi_score"": ""75""}]",7,未知
weibo,weibo_6_1776503717,精彩回顾 |“加你更奇妙” 盛会，点亮新一年✨  为庆祝10岁生日庆典启幕，一场特别的“加你更奇妙”盛会举办。 上海迪士尼度假区管理层、演职人员代表，与受邀到场的粉丝、嘉宾欢聚一堂，共同开启一整年的精彩与欢乐！  🏰 上海迪士尼度假区总裁及总经理包兆天 (Andrew Bolstein)现场揭晓未来一整年全新限定体验，邀大家共赴更多奇妙时刻✨ 🎭 娱乐演出团队带来沉浸式舞台分享，揭秘全新演艺背后的创意灵感 👨‍🍳 主厨团队匠心呈现全新主题餐饮，展现多元美味创意 🛍️ 商品团队倾情分享新品故事，粉丝活力走秀惊艳全场 🐭 迪士尼朋友们携手 “奇妙有你” 氛围组欢乐登场，定格闪耀瞬间 🎤 @摩登兄弟刘宇宁 惊喜亮相，倾情献唱庆典主题曲《奇妙在身边》，将现场氛围推向高潮🔥  上海迪士尼10岁生日庆典，加你更奇妙！ #上海迪士尼10岁生日##加你更奇妙##上海迪士尼10岁生日盛大开启#,,,,2026-04-18 17:15:17,https://weibo.com/5200478600/Qx09uqGeT,跟喜欢的人刘宇宁在世界最快乐的地方相遇是最幸福的事情@摩登兄弟刘宇宁,心有所宁LYN,积极,5,满意,其他,SnowNLP快速分析,99,0,否,积极,snownlp,"[{""category"": ""其他"", ""aspect"": ""整体体验"", ""polarity"": ""积极"", ""intensity"": ""5"", ""specific_emotion"": ""满意"", ""csi_score"": ""75""}]",0,未知
weibo,weibo_6_1776503717,精彩回顾 |“加你更奇妙” 盛会，点亮新一年✨  为庆祝10岁生日庆典启幕，一场特别的“加你更奇妙”盛会举办。 上海迪士尼度假区管理层、演职人员代表，与受邀到场的粉丝、嘉宾欢聚一堂，共同开启一整年的精彩与欢乐！  🏰 上海迪士尼度假区总裁及总经理包兆天 (Andrew Bolstein)现场揭晓未来一整年全新限定体验，邀大家共赴更多奇妙时刻✨ 🎭 娱乐演出团队带来沉浸式舞台分享，揭秘全新演艺背后的创意灵感 👨‍🍳 主厨团队匠心呈现全新主题餐饮，展现多元美味创意 🛍️ 商品团队倾情分享新品故事，粉丝活力走秀惊艳全场 🐭 迪士尼朋友们携手 “奇妙有你” 氛围组欢乐登场，定格闪耀瞬间 🎤 @摩登兄弟刘宇宁 惊喜亮相，倾情献唱庆典主题曲《奇妙在身边》，将现场氛围推向高潮🔥  上海迪士尼10岁生日庆典，加你更奇妙！ #上海迪士尼10岁生日##加你更奇妙##上海迪士尼10岁生日盛大开启#,,,,2026-04-18 17:15:17,https://weibo.com/5200478600/Qx09uqGeT,和刘宇宁一起奔赴最奇妙的迪士尼,文字_wyf,积极,5,满意,其他,SnowNLP快速分析,95,0,否,积极,snownlp,"[{""category"": ""其他"", ""aspect"": ""整体体验"", ""polarity"": ""中性"", ""intensity"": ""3"", ""specific_emotion"": ""中性"", ""csi_score"": ""50""}]",0,未知
weibo,weibo_6_1776503717,精彩回顾 |“加你更奇妙” 盛会，点亮新一年✨  为庆祝10岁生日庆典启幕，一场特别的“加你更奇妙”盛会举办。 上海迪士尼度假区管理层、演职人员代表，与受邀到场的粉丝、嘉宾欢聚一堂，共同开启一整年的精彩与欢乐！  🏰 上海迪士尼度假区总裁及总经理包兆天 (Andrew Bolstein)现场揭晓未来一整年全新限定体验，邀大家共赴更多奇妙时刻✨ 🎭 娱乐演出团队带来沉浸式舞台分享，揭秘全新演艺背后的创意灵感 👨‍🍳 主厨团队匠心呈现全新主题餐饮，展现多元美味创意 🛍️ 商品团队倾情分享新品故事，粉丝活力走秀惊艳全场 🐭 迪士尼朋友们携手 “奇妙有你” 氛围组欢乐登场，定格闪耀瞬间 🎤 @摩登兄弟刘宇宁 惊喜亮相，倾情献唱庆典主题曲《奇妙在身边》，将现场氛围推向高潮🔥  上海迪士尼10岁生日庆典，加你更奇妙！ #上海迪士尼10岁生日##加你更奇妙##上海迪士尼10岁生日盛大开启#,,,,2026-04-18 17:15:17,https://weibo.com/5200478600/Qx09uqGeT,@摩登兄弟刘宇宁 的表演好棒 好喜欢,唯宁_ModernLYN,积极,5,满意,其他,SnowNLP快速分析,99,0,否,积极,snownlp,"[{""category"": ""其他"", ""aspect"": ""整体体验"", ""polarity"": ""积极"", ""intensity"": ""5"", ""specific_emotion"": ""满意"", ""csi_score"": ""100""}]",0,未知
weibo,weibo_6_1776503717,精彩回顾 |“加你更奇妙” 盛会，点亮新一年✨  为庆祝10岁生日庆典启幕，一场特别的“加你更奇妙”盛会举办。 上海迪士尼度假区管理层、演职人员代表，与受邀到场的粉丝、嘉宾欢聚一堂，共同开启一整年的精彩与欢乐！  🏰 上海迪士尼度假区总裁及总经理包兆天 (Andrew Bolstein)现场揭晓未来一整年全新限定体验，邀大家共赴更多奇妙时刻✨ 🎭 娱乐演出团队带来沉浸式舞台分享，揭秘全新演艺背后的创意灵感 👨‍🍳 主厨团队匠心呈现全新主题餐饮，展现多元美味创意 🛍️ 商品团队倾情分享新品故事，粉丝活力走秀惊艳全场 🐭 迪士尼朋友们携手 “奇妙有你” 氛围组欢乐登场，定格闪耀瞬间 🎤 @摩登兄弟刘宇宁 惊喜亮相，倾情献唱庆典主题曲《奇妙在身边》，将现场氛围推向高潮🔥  上海迪士尼10岁生日庆典，加你更奇妙！ #上海迪士尼10岁生日##加你更奇妙##上海迪士尼10岁生日盛大开启#,,,,2026-04-18 17:15:17,https://weibo.com/5200478600/Qx09uqGeT,和刘宇宁在世界上最快乐的地方相遇啦最好的10周年演出,春风佐酒千樽忧,积极,5,满意,其他,SnowNLP快速分析,99,0,否,积极,snownlp,"[{""category"": ""其他"", ""aspect"": ""整体体验"", ""polarity"": ""积极"", ""intensity"": ""5"", ""specific_emotion"": ""满意"", ""csi_score"": ""75""}]",0,未知
weibo,weibo_6_1776503717,精彩回顾 |“加你更奇妙” 盛会，点亮新一年✨  为庆祝10岁生日庆典启幕，一场特别的“加你更奇妙”盛会举办。 上海迪士尼度假区管理层、演职人员代表，与受邀到场的粉丝、嘉宾欢聚一堂，共同开启一整年的精彩与欢乐！  🏰 上海迪士尼度假区总裁及总经理包兆天 (Andrew Bolstein)现场揭晓未来一整年全新限定体验，邀大家共赴更多奇妙时刻✨ 🎭 娱乐演出团队带来沉浸式舞台分享，揭秘全新演艺背后的创意灵感 👨‍🍳 主厨团队匠心呈现全新主题餐饮，展现多元美味创意 🛍️ 商品团队倾情分享新品故事，粉丝活力走秀惊艳全场 🐭 迪士尼朋友们携手 “奇妙有你” 氛围组欢乐登场，定格闪耀瞬间 🎤 @摩登兄弟刘宇宁 惊喜亮相，倾情献唱庆典主题曲《奇妙在身边》，将现场氛围推向高潮🔥  上海迪士尼10岁生日庆典，加你更奇妙！ #上海迪士尼10岁生日##加你更奇妙##上海迪士尼10岁生日盛大开启#,,,,2026-04-18 17:15:17,https://weibo.com/5200478600/Qx09uqGeT,刘宇宁真好看呀。我要去世界上最快乐的地方玩,MD-守护宁宁,积极,5,满意,其他,SnowNLP快速分析,99,0,否,积极,snownlp,"[{""category"": ""其他"", ""aspect"": ""整体体验"", ""polarity"": ""积极"", ""intensity"": ""5"", ""specific_emotion"": ""满意"", ""csi_score"": ""75""}]",0,未知
weibo,weibo_6_1776503717,精彩回顾 |“加你更奇妙” 盛会，点亮新一年✨  为庆祝10岁生日庆典启幕，一场特别的“加你更奇妙”盛会举办。 上海迪士尼度假区管理层、演职人员代表，与受邀到场的粉丝、嘉宾欢聚一堂，共同开启一整年的精彩与欢乐！  🏰 上海迪士尼度假区总裁及总经理包兆天 (Andrew Bolstein)现场揭晓未来一整年全新限定体验，邀大家共赴更多奇妙时刻✨ 🎭 娱乐演出团队带来沉浸式舞台分享，揭秘全新演艺背后的创意灵感 👨‍🍳 主厨团队匠心呈现全新主题餐饮，展现多元美味创意 🛍️ 商品团队倾情分享新品故事，粉丝活力走秀惊艳全场 🐭 迪士尼朋友们携手 “奇妙有你” 氛围组欢乐登场，定格闪耀瞬间 🎤 @摩登兄弟刘宇宁 惊喜亮相，倾情献唱庆典主题曲《奇妙在身边》，将现场氛围推向高潮🔥  上海迪士尼10岁生日庆典，加你更奇妙！ #上海迪士尼10岁生日##加你更奇妙##上海迪士尼10岁生日盛大开启#,,,,2026-04-18 17:15:17,https://weibo.com/5200478600/Qx09uqGeT,#刘宇宁出席上海迪士尼生日庆典#,Shirley静仪,消极,4,失望,其他,SnowNLP快速分析,27,4,是,消极,snownlp,"[{""category"": ""其他"", ""aspect"": ""整体体验"", ""polarity"": ""中性"", ""intensity"": ""3"", ""specific_emotion"": ""中性"", ""csi_score"": ""50""}]",4,未知
weibo,weibo_7_1776503755,首日直击｜刘宇宁活力开唱《奇妙在身边》  歌手演员@摩登兄弟刘宇宁 惊喜亮相“加你更奇妙”盛会，活力献唱上海迪士尼 10 岁生日庆典主题曲《奇妙在身边》!  跟着动感旋律，一同唱响这份专属奇妙吧✨ #上海迪士尼10岁生日##加你更奇妙##上海迪士尼10岁生日盛大开启# 上海迪士尼度假区的微博视频,,,,2026-04-18 17:15:55,https://weibo.com/5200478600/Qx05kuZzj,好开心啊,转我200,积极,5,满意,其他,SnowNLP快速分析,83,0,否,积极,snownlp,"[{""category"": ""其他"", ""aspect"": ""整体体验"", ""polarity"": ""积极"", ""intensity"": ""5"", ""specific_emotion"": ""满意"", ""csi_score"": ""75""}]",0,未知
weibo,weibo_7_1776503755,首日直击｜刘宇宁活力开唱《奇妙在身边》  歌手演员@摩登兄弟刘宇宁 惊喜亮相“加你更奇妙”盛会，活力献唱上海迪士尼 10 岁生日庆典主题曲《奇妙在身边》!  跟着动感旋律，一同唱响这份专属奇妙吧✨ #上海迪士尼10岁生日##加你更奇妙##上海迪士尼10岁生日盛大开启# 上海迪士尼度假区的微博视频,,,,2026-04-18 17:15:55,https://weibo.com/5200478600/Qx05kuZzj,刘宇宁京东新锐代言人｜刘宇宁碧浪品牌代言人|神奇的闲鱼代言人刘宇宁｜刘宇宁海飞丝活力代言人 |刘宇宁纯甄品牌代言人|刘宇宁小贝｜刘宇宁玫瑰丛生｜刘宇宁｜刘宇宁的2025巡演|刘宇宁的第二张专辑刘宇宁的|OLAY身体护理品牌全线代言人刘宇宁｜酷狗音乐代言人刘宇宁,LYN宁就是神,积极,5,满意,其他,SnowNLP快速分析,100,0,否,积极,snownlp,"[{""category"": ""其他"", ""aspect"": ""整体体验"", ""polarity"": ""中性"", ""intensity"": ""3"", ""specific_emotion"": ""中性"", ""csi_score"": ""50""}]",0,未知
weibo,weibo_7_1776503755,首日直击｜刘宇宁活力开唱《奇妙在身边》  歌手演员@摩登兄弟刘宇宁 惊喜亮相“加你更奇妙”盛会，活力献唱上海迪士尼 10 岁生日庆典主题曲《奇妙在身边》!  跟着动感旋律，一同唱响这份专属奇妙吧✨ #上海迪士尼10岁生日##加你更奇妙##上海迪士尼10岁生日盛大开启# 上海迪士尼度假区的微博视频,,,,2026-04-18 17:15:55,https://weibo.com/5200478600/Qx05kuZzj,宁哥摩登兄弟超话 好爱啊啊！晚安啦！,淘气东瓜在娱乐,积极,5,满意,其他,SnowNLP快速分析,98,0,否,积极,snownlp,"[{""category"": ""其他"", ""aspect"": ""整体体验"", ""polarity"": ""积极"", ""intensity"": ""5"", ""specific_emotion"": ""满意"", ""csi_score"": ""75""}]",0,未知
weibo,weibo_7_1776503755,首日直击｜刘宇宁活力开唱《奇妙在身边》  歌手演员@摩登兄弟刘宇宁 惊喜亮相“加你更奇妙”盛会，活力献唱上海迪士尼 10 岁生日庆典主题曲《奇妙在身边》!  跟着动感旋律，一同唱响这份专属奇妙吧✨ #上海迪士尼10岁生日##加你更奇妙##上海迪士尼10岁生日盛大开启# 上海迪士尼度假区的微博视频,,,,2026-04-18 17:15:55,https://weibo.com/5200478600/Qx05kuZzj,宁哥,淘气东瓜在娱乐,中性,3,中性,其他,SnowNLP快速分析,50,0,否,中性,snownlp,"[{""category"": ""其他"", ""aspect"": ""整体体验"", ""polarity"": ""中性"", ""intensity"": ""3"", ""specific_emotion"": ""中性"", ""csi_score"": ""50""}]",0,未知
weibo,weibo_7_1776503755,首日直击｜刘宇宁活力开唱《奇妙在身边》  歌手演员@摩登兄弟刘宇宁 惊喜亮相“加你更奇妙”盛会，活力献唱上海迪士尼 10 岁生日庆典主题曲《奇妙在身边》!  跟着动感旋律，一同唱响这份专属奇妙吧✨ #上海迪士尼10岁生日##加你更奇妙##上海迪士尼10岁生日盛大开启# 上海迪士尼度假区的微博视频,,,,2026-04-18 17:15:55,https://weibo.com/5200478600/Qx05kuZzj,摩登兄弟超话 @摩登兄弟刘宇宁,MD_Lyn的橙萱影飞,积极,5,满意,其他,SnowNLP快速分析,99,0,否,积极,snownlp,"[{""category"": ""其他"", ""aspect"": ""整体体验"", ""polarity"": ""中性"", ""intensity"": ""3"", ""specific_emotion"": ""中性"", ""csi_score"": ""50""}]",0,未知
weibo,weibo_7_1776503755,首日直击｜刘宇宁活力开唱《奇妙在身边》  歌手演员@摩登兄弟刘宇宁 惊喜亮相“加你更奇妙”盛会，活力献唱上海迪士尼 10 岁生日庆典主题曲《奇妙在身边》!  跟着动感旋律，一同唱响这份专属奇妙吧✨ #上海迪士尼10岁生日##加你更奇妙##上海迪士尼10岁生日盛大开启# 上海迪士尼度假区的微博视频,,,,2026-04-18 17:15:55,https://weibo.com/5200478600/Qx05kuZzj,好听@摩登兄弟刘宇宁 #刘宇宁迪士尼#,是爱宁的荔枝吖,积极,5,满意,其他,SnowNLP快速分析,92,0,否,积极,snownlp,"[{""category"": ""其他"", ""aspect"": ""整体体验"", ""polarity"": ""积极"", ""intensity"": ""5"", ""specific_emotion"": ""满意"", ""csi_score"": ""75""}]",0,未知
weibo,weibo_7_1776503755,首日直击｜刘宇宁活力开唱《奇妙在身边》  歌手演员@摩登兄弟刘宇宁 惊喜亮相“加你更奇妙”盛会，活力献唱上海迪士尼 10 岁生日庆典主题曲《奇妙在身边》!  跟着动感旋律，一同唱响这份专属奇妙吧✨ #上海迪士尼10岁生日##加你更奇妙##上海迪士尼10岁生日盛大开启# 上海迪士尼度假区的微博视频,,,,2026-04-18 17:15:55,https://weibo.com/5200478600/Qx05kuZzj,@摩登兄弟刘宇宁 和宁一起奇妙在身邊,LYN永遠支持你,积极,5,满意,其他,SnowNLP快速分析,99,0,否,积极,snownlp,"[{""category"": ""其他"", ""aspect"": ""整体体验"", ""polarity"": ""中性"", ""intensity"": ""3"", ""specific_emotion"": ""中性"", ""csi_score"": ""50""}]",0,未知
weibo,weibo_7_1776503755,首日直击｜刘宇宁活力开唱《奇妙在身边》  歌手演员@摩登兄弟刘宇宁 惊喜亮相“加你更奇妙”盛会，活力献唱上海迪士尼 10 岁生日庆典主题曲《奇妙在身边》!  跟着动感旋律，一同唱响这份专属奇妙吧✨ #上海迪士尼10岁生日##加你更奇妙##上海迪士尼10岁生日盛大开启# 上海迪士尼度假区的微博视频,,,,2026-04-18 17:15:55,https://weibo.com/5200478600/Qx05kuZzj,有刘宇宁的地方就是快乐,MD那又怎样呢,积极,5,满意,其他,SnowNLP快速分析,98,0,否,积极,snownlp,"[{""category"": ""其他"", ""aspect"": ""整体体验"", ""polarity"": ""中性"", ""intensity"": ""3"", ""specific_emotion"": ""中性"", ""csi_score"": ""50""}]",0,未知
weibo,weibo_7_1776503755,首日直击｜刘宇宁活力开唱《奇妙在身边》  歌手演员@摩登兄弟刘宇宁 惊喜亮相“加你更奇妙”盛会，活力献唱上海迪士尼 10 岁生日庆典主题曲《奇妙在身边》!  跟着动感旋律，一同唱响这份专属奇妙吧✨ #上海迪士尼10岁生日##加你更奇妙##上海迪士尼10岁生日盛大开启# 上海迪士尼度假区的微博视频,,,,2026-04-18 17:15:55,https://weibo.com/5200478600/Qx05kuZzj,宁如星辰颖火 :,宁如星辰颖火,消极,3,失望,其他,SnowNLP快速分析,29,3,是,消极,snownlp,"[{""category"": ""其他"", ""aspect"": ""整体体验"", ""polarity"": ""中性"", ""intensity"": ""3"", ""specific_emotion"": ""中性"", ""csi_score"": ""50""}]",3,未知
weibo,weibo_7_1776503755,首日直击｜刘宇宁活力开唱《奇妙在身边》  歌手演员@摩登兄弟刘宇宁 惊喜亮相“加你更奇妙”盛会，活力献唱上海迪士尼 10 岁生日庆典主题曲《奇妙在身边》!  跟着动感旋律，一同唱响这份专属奇妙吧✨ #上海迪士尼10岁生日##加你更奇妙##上海迪士尼10岁生日盛大开启# 上海迪士尼度假区的微博视频,,,,2026-04-18 17:15:55,https://weibo.com/5200478600/Qx05kuZzj,#刘宇宁#,33姍姍來吃,消极,4,失望,其他,SnowNLP快速分析,27,4,是,消极,snownlp,"[{""category"": ""其他"", ""aspect"": ""整体体验"", ""polarity"": ""中性"", ""intensity"": ""3"", ""specific_emotion"": ""中性"", ""csi_score"": ""50""}]",4,未知
weibo,weibo_7_1776503755,首日直击｜刘宇宁活力开唱《奇妙在身边》  歌手演员@摩登兄弟刘宇宁 惊喜亮相“加你更奇妙”盛会，活力献唱上海迪士尼 10 岁生日庆典主题曲《奇妙在身边》!  跟着动感旋律，一同唱响这份专属奇妙吧✨ #上海迪士尼10岁生日##加你更奇妙##上海迪士尼10岁生日盛大开启# 上海迪士尼度假区的微博视频,,,,2026-04-18 17:15:55,https://weibo.com/5200478600/Qx05kuZzj,和@摩登兄弟刘宇宁 一起去世界上最快乐的地方是最幸福的事！,刘宇宁的磨人小妖精,积极,5,满意,其他,SnowNLP快速分析,99,0,否,积极,snownlp,"[{""category"": ""其他"", ""aspect"": ""整体体验"", ""polarity"": ""中性"", ""intensity"": ""3"", ""specific_emotion"": ""中性"", ""csi_score"": ""50""}]",0,未知
weibo,weibo_7_1776503755,首日直击｜刘宇宁活力开唱《奇妙在身边》  歌手演员@摩登兄弟刘宇宁 惊喜亮相“加你更奇妙”盛会，活力献唱上海迪士尼 10 岁生日庆典主题曲《奇妙在身边》!  跟着动感旋律，一同唱响这份专属奇妙吧✨ #上海迪士尼10岁生日##加你更奇妙##上海迪士尼10岁生日盛大开启# 上海迪士尼度假区的微博视频,,,,2026-04-18 17:15:55,https://weibo.com/5200478600/Qx05kuZzj,@摩登兄弟刘宇宁 宁哥好帥,寧為心上人,积极,5,满意,其他,SnowNLP快速分析,99,0,否,积极,snownlp,"[{""category"": ""其他"", ""aspect"": ""整体体验"", ""polarity"": ""积极"", ""intensity"": ""5"", ""specific_emotion"": ""满意"", ""csi_score"": ""75""}]",0,未知
weibo,weibo_7_1776503755,首日直击｜刘宇宁活力开唱《奇妙在身边》  歌手演员@摩登兄弟刘宇宁 惊喜亮相“加你更奇妙”盛会，活力献唱上海迪士尼 10 岁生日庆典主题曲《奇妙在身边》!  跟着动感旋律，一同唱响这份专属奇妙吧✨ #上海迪士尼10岁生日##加你更奇妙##上海迪士尼10岁生日盛大开启# 上海迪士尼度假区的微博视频,,,,2026-04-18 17:15:55,https://weibo.com/5200478600/Qx05kuZzj,Make magic together 。@摩登兄弟刘宇宁 《奇妙在身边》，充滿阳光年轻的律动，这一秒就和惊喜快乐奇妙相遇，幸福永远在身边。,一颗草莓味的沐沐呀,积极,5,满意,其他,SnowNLP快速分析,99,0,否,积极,snownlp,"[{""category"": ""其他"", ""aspect"": ""整体体验"", ""polarity"": ""中性"", ""intensity"": ""3"", ""specific_emotion"": ""中性"", ""csi_score"": ""50""}]",0,未知
weibo,weibo_7_1776503755,首日直击｜刘宇宁活力开唱《奇妙在身边》  歌手演员@摩登兄弟刘宇宁 惊喜亮相“加你更奇妙”盛会，活力献唱上海迪士尼 10 岁生日庆典主题曲《奇妙在身边》!  跟着动感旋律，一同唱响这份专属奇妙吧✨ #上海迪士尼10岁生日##加你更奇妙##上海迪士尼10岁生日盛大开启# 上海迪士尼度假区的微博视频,,,,2026-04-18 17:15:55,https://weibo.com/5200478600/Qx05kuZzj,Disney's prince 👑👑,CandyP_90,中性,3,中性,其他,SnowNLP快速分析,50,0,否,中性,snownlp,"[{""category"": ""其他"", ""aspect"": ""整体体验"", ""polarity"": ""中性"", ""intensity"": ""3"", ""specific_emotion"": ""中性"", ""csi_score"": ""50""}]",0,未知
weibo,weibo_8_1776503803,就在明天｜米奇邀请你，共度10岁生日的第一天  3月20日起，上海迪士尼10岁生日庆典即将正式启幕！ 🙋明天请持续关注上海迪士尼度假区官方账号，为你呈现全天候的现场直击——全新演出“奇妙之心”城堡秀、换上庆典新装的迪士尼朋友们、全新升级的巡游队列、特别呈现的城堡幻影秀……一整天的奇妙邀你共度！  🤩还有一场特别的盛会为粉丝们呈现👉“加你更奇妙”盛会，将于15:00至16:10在@上海迪士尼度假区 官方全平台现场直播，你将会看到： ✨迪士尼朋友们换上过去十年里，记忆深刻的装扮，为你特别呈现开场演出 ✨分享上海迪士尼10岁生日灵感解析，把奇妙背后的故事说给你听 ✨迪士尼朋友现场教学“奇妙在身边手势舞”，在欢快的节拍里一起分享奇妙……  上海迪士尼10岁生日首日直击，明天不见不散！ #上海迪士尼10岁生日首日直击# #上海迪士尼10岁生日# #加你更奇妙#,,,,2026-04-18 17:16:43,https://weibo.com/5200478600/QwQpwcZCJ,期待刘宇宁！明天见！,xi昭昭,积极,3,满意,其他,SnowNLP快速分析,65,0,否,积极,snownlp,"[{""category"": ""其他"", ""aspect"": ""整体体验"", ""polarity"": ""中性"", ""intensity"": ""3"", ""specific_emotion"": ""中性"", ""csi_score"": ""50""}]",0,未知
weibo,weibo_8_1776503803,就在明天｜米奇邀请你，共度10岁生日的第一天  3月20日起，上海迪士尼10岁生日庆典即将正式启幕！ 🙋明天请持续关注上海迪士尼度假区官方账号，为你呈现全天候的现场直击——全新演出“奇妙之心”城堡秀、换上庆典新装的迪士尼朋友们、全新升级的巡游队列、特别呈现的城堡幻影秀……一整天的奇妙邀你共度！  🤩还有一场特别的盛会为粉丝们呈现👉“加你更奇妙”盛会，将于15:00至16:10在@上海迪士尼度假区 官方全平台现场直播，你将会看到： ✨迪士尼朋友们换上过去十年里，记忆深刻的装扮，为你特别呈现开场演出 ✨分享上海迪士尼10岁生日灵感解析，把奇妙背后的故事说给你听 ✨迪士尼朋友现场教学“奇妙在身边手势舞”，在欢快的节拍里一起分享奇妙……  上海迪士尼10岁生日首日直击，明天不见不散！ #上海迪士尼10岁生日首日直击# #上海迪士尼10岁生日# #加你更奇妙#,,,,2026-04-18 17:16:43,https://weibo.com/5200478600/QwQpwcZCJ,:建议出个迪士尼十周年庆典曲刘宇宁独唱版本,曦世宁人,积极,5,满意,其他,SnowNLP快速分析,93,0,否,积极,snownlp,"[{""category"": ""其他"", ""aspect"": ""整体体验"", ""polarity"": ""中性"", ""intensity"": ""3"", ""specific_emotion"": ""中性"", ""csi_score"": ""50""}]",0,未知
weibo,weibo_8_1776503803,就在明天｜米奇邀请你，共度10岁生日的第一天  3月20日起，上海迪士尼10岁生日庆典即将正式启幕！ 🙋明天请持续关注上海迪士尼度假区官方账号，为你呈现全天候的现场直击——全新演出“奇妙之心”城堡秀、换上庆典新装的迪士尼朋友们、全新升级的巡游队列、特别呈现的城堡幻影秀……一整天的奇妙邀你共度！  🤩还有一场特别的盛会为粉丝们呈现👉“加你更奇妙”盛会，将于15:00至16:10在@上海迪士尼度假区 官方全平台现场直播，你将会看到： ✨迪士尼朋友们换上过去十年里，记忆深刻的装扮，为你特别呈现开场演出 ✨分享上海迪士尼10岁生日灵感解析，把奇妙背后的故事说给你听 ✨迪士尼朋友现场教学“奇妙在身边手势舞”，在欢快的节拍里一起分享奇妙……  上海迪士尼10岁生日首日直击，明天不见不散！ #上海迪士尼10岁生日首日直击# #上海迪士尼10岁生日# #加你更奇妙#,,,,2026-04-18 17:16:43,https://weibo.com/5200478600/QwQpwcZCJ,@摩登兄弟刘宇宁,寧說愛情,积极,5,满意,其他,SnowNLP快速分析,98,0,否,积极,snownlp,"[{""category"": ""其他"", ""aspect"": ""整体体验"", ""polarity"": ""中性"", ""intensity"": ""3"", ""specific_emotion"": ""中性"", ""csi_score"": ""50""}]",0,未知
weibo,weibo_8_1776503803,就在明天｜米奇邀请你，共度10岁生日的第一天  3月20日起，上海迪士尼10岁生日庆典即将正式启幕！ 🙋明天请持续关注上海迪士尼度假区官方账号，为你呈现全天候的现场直击——全新演出“奇妙之心”城堡秀、换上庆典新装的迪士尼朋友们、全新升级的巡游队列、特别呈现的城堡幻影秀……一整天的奇妙邀你共度！  🤩还有一场特别的盛会为粉丝们呈现👉“加你更奇妙”盛会，将于15:00至16:10在@上海迪士尼度假区 官方全平台现场直播，你将会看到： ✨迪士尼朋友们换上过去十年里，记忆深刻的装扮，为你特别呈现开场演出 ✨分享上海迪士尼10岁生日灵感解析，把奇妙背后的故事说给你听 ✨迪士尼朋友现场教学“奇妙在身边手势舞”，在欢快的节拍里一起分享奇妙……  上海迪士尼10岁生日首日直击，明天不见不散！ #上海迪士尼10岁生日首日直击# #上海迪士尼10岁生日# #加你更奇妙#,,,,2026-04-18 17:16:43,https://weibo.com/5200478600/QwQpwcZCJ,刘宇宁🔥🌻❤️刘宇宁🔥🌻❤️刘宇宁🔥🌻❤️刘宇宁🔥🌻❤️刘宇宁🔥🌻❤️刘宇宁🔥🌻❤️刘宇宁🔥🌻❤️刘宇宁🔥🌻❤️刘宇宁🔥🌻❤️刘宇宁🔥🌻❤️刘宇宁🔥🌻❤️刘宇宁🔥🌻❤️刘宇宁🔥🌻❤️刘宇宁🔥🌻❤️刘宇宁🔥🌻❤️,叶儿aling,积极,5,满意,其他,SnowNLP快速分析,99,0,否,积极,snownlp,"[{""category"": ""其他"", ""aspect"": ""整体体验"", ""polarity"": ""中性"", ""intensity"": ""3"", ""specific_emotion"": ""中性"", ""csi_score"": ""50""}]",0,未知
weibo,weibo_8_1776503803,就在明天｜米奇邀请你，共度10岁生日的第一天  3月20日起，上海迪士尼10岁生日庆典即将正式启幕！ 🙋明天请持续关注上海迪士尼度假区官方账号，为你呈现全天候的现场直击——全新演出“奇妙之心”城堡秀、换上庆典新装的迪士尼朋友们、全新升级的巡游队列、特别呈现的城堡幻影秀……一整天的奇妙邀你共度！  🤩还有一场特别的盛会为粉丝们呈现👉“加你更奇妙”盛会，将于15:00至16:10在@上海迪士尼度假区 官方全平台现场直播，你将会看到： ✨迪士尼朋友们换上过去十年里，记忆深刻的装扮，为你特别呈现开场演出 ✨分享上海迪士尼10岁生日灵感解析，把奇妙背后的故事说给你听 ✨迪士尼朋友现场教学“奇妙在身边手势舞”，在欢快的节拍里一起分享奇妙……  上海迪士尼10岁生日首日直击，明天不见不散！ #上海迪士尼10岁生日首日直击# #上海迪士尼10岁生日# #加你更奇妙#,,,,2026-04-18 17:16:43,https://weibo.com/5200478600/QwQpwcZCJ,期待@摩登兄弟刘宇宁,妮要起飛,积极,5,满意,其他,SnowNLP快速分析,99,0,否,积极,snownlp,"[{""category"": ""其他"", ""aspect"": ""整体体验"", ""polarity"": ""中性"", ""intensity"": ""3"", ""specific_emotion"": ""中性"", ""csi_score"": ""50""}]",0,未知
weibo,weibo_8_1776503803,就在明天｜米奇邀请你，共度10岁生日的第一天  3月20日起，上海迪士尼10岁生日庆典即将正式启幕！ 🙋明天请持续关注上海迪士尼度假区官方账号，为你呈现全天候的现场直击——全新演出“奇妙之心”城堡秀、换上庆典新装的迪士尼朋友们、全新升级的巡游队列、特别呈现的城堡幻影秀……一整天的奇妙邀你共度！  🤩还有一场特别的盛会为粉丝们呈现👉“加你更奇妙”盛会，将于15:00至16:10在@上海迪士尼度假区 官方全平台现场直播，你将会看到： ✨迪士尼朋友们换上过去十年里，记忆深刻的装扮，为你特别呈现开场演出 ✨分享上海迪士尼10岁生日灵感解析，把奇妙背后的故事说给你听 ✨迪士尼朋友现场教学“奇妙在身边手势舞”，在欢快的节拍里一起分享奇妙……  上海迪士尼10岁生日首日直击，明天不见不散！ #上海迪士尼10岁生日首日直击# #上海迪士尼10岁生日# #加你更奇妙#,,,,2026-04-18 17:16:43,https://weibo.com/5200478600/QwQpwcZCJ,期待刘宇宁#现场演出# 奇妙再身边 摩登兄弟超话再出现#上海迪士尼#,LingYu宇铃,中性,3,中性,其他,SnowNLP快速分析,50,0,否,中性,snownlp,"[{""category"": ""其他"", ""aspect"": ""整体体验"", ""polarity"": ""中性"", ""intensity"": ""3"", ""specific_emotion"": ""中性"", ""csi_score"": ""50""}]",0,未知
weibo,weibo_8_1776503803,就在明天｜米奇邀请你，共度10岁生日的第一天  3月20日起，上海迪士尼10岁生日庆典即将正式启幕！ 🙋明天请持续关注上海迪士尼度假区官方账号，为你呈现全天候的现场直击——全新演出“奇妙之心”城堡秀、换上庆典新装的迪士尼朋友们、全新升级的巡游队列、特别呈现的城堡幻影秀……一整天的奇妙邀你共度！  🤩还有一场特别的盛会为粉丝们呈现👉“加你更奇妙”盛会，将于15:00至16:10在@上海迪士尼度假区 官方全平台现场直播，你将会看到： ✨迪士尼朋友们换上过去十年里，记忆深刻的装扮，为你特别呈现开场演出 ✨分享上海迪士尼10岁生日灵感解析，把奇妙背后的故事说给你听 ✨迪士尼朋友现场教学“奇妙在身边手势舞”，在欢快的节拍里一起分享奇妙……  上海迪士尼10岁生日首日直击，明天不见不散！ #上海迪士尼10岁生日首日直击# #上海迪士尼10岁生日# #加你更奇妙#,,,,2026-04-18 17:16:43,https://weibo.com/5200478600/QwQpwcZCJ,期待@摩登兄弟刘宇宁,Rosy妤宁_,积极,5,满意,其他,SnowNLP快速分析,99,0,否,积极,snownlp,"[{""category"": ""其他"", ""aspect"": ""整体体验"", ""polarity"": ""中性"", ""intensity"": ""3"", ""specific_emotion"": ""中性"", ""csi_score"": ""50""}]",0,未知
weibo,weibo_8_1776503803,就在明天｜米奇邀请你，共度10岁生日的第一天  3月20日起，上海迪士尼10岁生日庆典即将正式启幕！ 🙋明天请持续关注上海迪士尼度假区官方账号，为你呈现全天候的现场直击——全新演出“奇妙之心”城堡秀、换上庆典新装的迪士尼朋友们、全新升级的巡游队列、特别呈现的城堡幻影秀……一整天的奇妙邀你共度！  🤩还有一场特别的盛会为粉丝们呈现👉“加你更奇妙”盛会，将于15:00至16:10在@上海迪士尼度假区 官方全平台现场直播，你将会看到： ✨迪士尼朋友们换上过去十年里，记忆深刻的装扮，为你特别呈现开场演出 ✨分享上海迪士尼10岁生日灵感解析，把奇妙背后的故事说给你听 ✨迪士尼朋友现场教学“奇妙在身边手势舞”，在欢快的节拍里一起分享奇妙……  上海迪士尼10岁生日首日直击，明天不见不散！ #上海迪士尼10岁生日首日直击# #上海迪士尼10岁生日# #加你更奇妙#,,,,2026-04-18 17:16:43,https://weibo.com/5200478600/QwQpwcZCJ,寧音LYN :,寧音LYN,消极,3,失望,其他,SnowNLP快速分析,32,2,是,消极,snownlp,"[{""category"": ""其他"", ""aspect"": ""整体体验"", ""polarity"": ""中性"", ""intensity"": ""3"", ""specific_emotion"": ""中性"", ""csi_score"": ""50""}]",2,未知
weibo,weibo_8_1776503803,就在明天｜米奇邀请你，共度10岁生日的第一天  3月20日起，上海迪士尼10岁生日庆典即将正式启幕！ 🙋明天请持续关注上海迪士尼度假区官方账号，为你呈现全天候的现场直击——全新演出“奇妙之心”城堡秀、换上庆典新装的迪士尼朋友们、全新升级的巡游队列、特别呈现的城堡幻影秀……一整天的奇妙邀你共度！  🤩还有一场特别的盛会为粉丝们呈现👉“加你更奇妙”盛会，将于15:00至16:10在@上海迪士尼度假区 官方全平台现场直播，你将会看到： ✨迪士尼朋友们换上过去十年里，记忆深刻的装扮，为你特别呈现开场演出 ✨分享上海迪士尼10岁生日灵感解析，把奇妙背后的故事说给你听 ✨迪士尼朋友现场教学“奇妙在身边手势舞”，在欢快的节拍里一起分享奇妙……  上海迪士尼10岁生日首日直击，明天不见不散！ #上海迪士尼10岁生日首日直击# #上海迪士尼10岁生日# #加你更奇妙#,,,,2026-04-18 17:16:43,https://weibo.com/5200478600/QwQpwcZCJ,@摩登兄弟刘宇宁 期待老大出现,MD-守护者-刘宇毛,积极,5,满意,其他,SnowNLP快速分析,96,0,否,积极,snownlp,"[{""category"": ""其他"", ""aspect"": ""整体体验"", ""polarity"": ""中性"", ""intensity"": ""3"", ""specific_emotion"": ""中性"", ""csi_score"": ""50""}]",0,未知
weibo,weibo_8_1776503803,就在明天｜米奇邀请你，共度10岁生日的第一天  3月20日起，上海迪士尼10岁生日庆典即将正式启幕！ 🙋明天请持续关注上海迪士尼度假区官方账号，为你呈现全天候的现场直击——全新演出“奇妙之心”城堡秀、换上庆典新装的迪士尼朋友们、全新升级的巡游队列、特别呈现的城堡幻影秀……一整天的奇妙邀你共度！  🤩还有一场特别的盛会为粉丝们呈现👉“加你更奇妙”盛会，将于15:00至16:10在@上海迪士尼度假区 官方全平台现场直播，你将会看到： ✨迪士尼朋友们换上过去十年里，记忆深刻的装扮，为你特别呈现开场演出 ✨分享上海迪士尼10岁生日灵感解析，把奇妙背后的故事说给你听 ✨迪士尼朋友现场教学“奇妙在身边手势舞”，在欢快的节拍里一起分享奇妙……  上海迪士尼10岁生日首日直击，明天不见不散！ #上海迪士尼10岁生日首日直击# #上海迪士尼10岁生日# #加你更奇妙#,,,,2026-04-18 17:16:43,https://weibo.com/5200478600/QwQpwcZCJ,期待刘宇宁@摩登兄弟刘宇宁,Ning的小饺子,积极,5,满意,其他,SnowNLP快速分析,99,0,否,积极,snownlp,"[{""category"": ""其他"", ""aspect"": ""整体体验"", ""polarity"": ""中性"", ""intensity"": ""3"", ""specific_emotion"": ""中性"", ""csi_score"": ""50""}]",0,未知
weibo,weibo_8_1776503803,就在明天｜米奇邀请你，共度10岁生日的第一天  3月20日起，上海迪士尼10岁生日庆典即将正式启幕！ 🙋明天请持续关注上海迪士尼度假区官方账号，为你呈现全天候的现场直击——全新演出“奇妙之心”城堡秀、换上庆典新装的迪士尼朋友们、全新升级的巡游队列、特别呈现的城堡幻影秀……一整天的奇妙邀你共度！  🤩还有一场特别的盛会为粉丝们呈现👉“加你更奇妙”盛会，将于15:00至16:10在@上海迪士尼度假区 官方全平台现场直播，你将会看到： ✨迪士尼朋友们换上过去十年里，记忆深刻的装扮，为你特别呈现开场演出 ✨分享上海迪士尼10岁生日灵感解析，把奇妙背后的故事说给你听 ✨迪士尼朋友现场教学“奇妙在身边手势舞”，在欢快的节拍里一起分享奇妙……  上海迪士尼10岁生日首日直击，明天不见不散！ #上海迪士尼10岁生日首日直击# #上海迪士尼10岁生日# #加你更奇妙#,,,,2026-04-18 17:16:43,https://weibo.com/5200478600/QwQpwcZCJ,期待@摩登兄弟刘宇宁,LYN-被宁哥圈粉的曹曹,积极,5,满意,其他,SnowNLP快速分析,99,0,否,积极,snownlp,"[{""category"": ""其他"", ""aspect"": ""整体体验"", ""polarity"": ""中性"", ""intensity"": ""3"", ""specific_emotion"": ""中性"", ""csi_score"": ""50""}]",0,未知
weibo,weibo_8_1776503803,就在明天｜米奇邀请你，共度10岁生日的第一天  3月20日起，上海迪士尼10岁生日庆典即将正式启幕！ 🙋明天请持续关注上海迪士尼度假区官方账号，为你呈现全天候的现场直击——全新演出“奇妙之心”城堡秀、换上庆典新装的迪士尼朋友们、全新升级的巡游队列、特别呈现的城堡幻影秀……一整天的奇妙邀你共度！  🤩还有一场特别的盛会为粉丝们呈现👉“加你更奇妙”盛会，将于15:00至16:10在@上海迪士尼度假区 官方全平台现场直播，你将会看到： ✨迪士尼朋友们换上过去十年里，记忆深刻的装扮，为你特别呈现开场演出 ✨分享上海迪士尼10岁生日灵感解析，把奇妙背后的故事说给你听 ✨迪士尼朋友现场教学“奇妙在身边手势舞”，在欢快的节拍里一起分享奇妙……  上海迪士尼10岁生日首日直击，明天不见不散！ #上海迪士尼10岁生日首日直击# #上海迪士尼10岁生日# #加你更奇妙#,,,,2026-04-18 17:16:43,https://weibo.com/5200478600/QwQpwcZCJ,等@摩登兄弟刘宇宁,姜姜不吃姜呀--,积极,5,满意,其他,SnowNLP快速分析,98,0,否,积极,snownlp,"[{""category"": ""其他"", ""aspect"": ""整体体验"", ""polarity"": ""中性"", ""intensity"": ""3"", ""specific_emotion"": ""中性"", ""csi_score"": ""50""}]",0,未知
weibo,weibo_8_1776503803,就在明天｜米奇邀请你，共度10岁生日的第一天  3月20日起，上海迪士尼10岁生日庆典即将正式启幕！ 🙋明天请持续关注上海迪士尼度假区官方账号，为你呈现全天候的现场直击——全新演出“奇妙之心”城堡秀、换上庆典新装的迪士尼朋友们、全新升级的巡游队列、特别呈现的城堡幻影秀……一整天的奇妙邀你共度！  🤩还有一场特别的盛会为粉丝们呈现👉“加你更奇妙”盛会，将于15:00至16:10在@上海迪士尼度假区 官方全平台现场直播，你将会看到： ✨迪士尼朋友们换上过去十年里，记忆深刻的装扮，为你特别呈现开场演出 ✨分享上海迪士尼10岁生日灵感解析，把奇妙背后的故事说给你听 ✨迪士尼朋友现场教学“奇妙在身边手势舞”，在欢快的节拍里一起分享奇妙……  上海迪士尼10岁生日首日直击，明天不见不散！ #上海迪士尼10岁生日首日直击# #上海迪士尼10岁生日# #加你更奇妙#,,,,2026-04-18 17:16:43,https://weibo.com/5200478600/QwQpwcZCJ,期待@摩登兄弟刘宇宁 不見不散,宇寧同在_,积极,5,满意,其他,SnowNLP快速分析,85,0,否,积极,snownlp,"[{""category"": ""其他"", ""aspect"": ""整体体验"", ""polarity"": ""中性"", ""intensity"": ""3"", ""specific_emotion"": ""中性"", ""csi_score"": ""50""}]",0,未知
weibo,weibo_8_1776503803,就在明天｜米奇邀请你，共度10岁生日的第一天  3月20日起，上海迪士尼10岁生日庆典即将正式启幕！ 🙋明天请持续关注上海迪士尼度假区官方账号，为你呈现全天候的现场直击——全新演出“奇妙之心”城堡秀、换上庆典新装的迪士尼朋友们、全新升级的巡游队列、特别呈现的城堡幻影秀……一整天的奇妙邀你共度！  🤩还有一场特别的盛会为粉丝们呈现👉“加你更奇妙”盛会，将于15:00至16:10在@上海迪士尼度假区 官方全平台现场直播，你将会看到： ✨迪士尼朋友们换上过去十年里，记忆深刻的装扮，为你特别呈现开场演出 ✨分享上海迪士尼10岁生日灵感解析，把奇妙背后的故事说给你听 ✨迪士尼朋友现场教学“奇妙在身边手势舞”，在欢快的节拍里一起分享奇妙……  上海迪士尼10岁生日首日直击，明天不见不散！ #上海迪士尼10岁生日首日直击# #上海迪士尼10岁生日# #加你更奇妙#,,,,2026-04-18 17:16:43,https://weibo.com/5200478600/QwQpwcZCJ,今天期待一下,燕一杯想宁的酒F,积极,3,满意,其他,SnowNLP快速分析,68,0,否,积极,snownlp,"[{""category"": ""其他"", ""aspect"": ""整体体验"", ""polarity"": ""中性"", ""intensity"": ""3"", ""specific_emotion"": ""中性"", ""csi_score"": ""50""}]",0,未知
weibo,weibo_8_1776503803,就在明天｜米奇邀请你，共度10岁生日的第一天  3月20日起，上海迪士尼10岁生日庆典即将正式启幕！ 🙋明天请持续关注上海迪士尼度假区官方账号，为你呈现全天候的现场直击——全新演出“奇妙之心”城堡秀、换上庆典新装的迪士尼朋友们、全新升级的巡游队列、特别呈现的城堡幻影秀……一整天的奇妙邀你共度！  🤩还有一场特别的盛会为粉丝们呈现👉“加你更奇妙”盛会，将于15:00至16:10在@上海迪士尼度假区 官方全平台现场直播，你将会看到： ✨迪士尼朋友们换上过去十年里，记忆深刻的装扮，为你特别呈现开场演出 ✨分享上海迪士尼10岁生日灵感解析，把奇妙背后的故事说给你听 ✨迪士尼朋友现场教学“奇妙在身边手势舞”，在欢快的节拍里一起分享奇妙……  上海迪士尼10岁生日首日直击，明天不见不散！ #上海迪士尼10岁生日首日直击# #上海迪士尼10岁生日# #加你更奇妙#,,,,2026-04-18 17:16:43,https://weibo.com/5200478600/QwQpwcZCJ,@摩登兄弟刘宇宁 不見不散,LYN_Xuan_,积极,4,满意,其他,SnowNLP快速分析,74,0,否,积极,snownlp,"[{""category"": ""其他"", ""aspect"": ""整体体验"", ""polarity"": ""中性"", ""intensity"": ""3"", ""specific_emotion"": ""中性"", ""csi_score"": ""50""}]",0,未知
weibo,weibo_9_1776503839,米奇和朋友们向你发起邀请，这一场奇妙之约，从上海出发！ 欢迎每一个你，都来欢庆。  上海迪士尼10岁生日庆典，我们明天见！ #上海迪士尼10岁生日# #加你更奇妙# 上海迪士尼度假区的微博视频,,,,2026-04-18 17:17:19,https://weibo.com/5200478600/QwQdlyXlo,脕風拂栁 :,脕風拂栁,中性,3,中性,其他,SnowNLP快速分析,50,0,否,中性,snownlp,"[{""category"": ""其他"", ""aspect"": ""整体体验"", ""polarity"": ""中性"", ""intensity"": ""3"", ""specific_emotion"": ""中性"", ""csi_score"": ""50""}]",0,未知
weibo,weibo_9_1776503839,米奇和朋友们向你发起邀请，这一场奇妙之约，从上海出发！ 欢迎每一个你，都来欢庆。  上海迪士尼10岁生日庆典，我们明天见！ #上海迪士尼10岁生日# #加你更奇妙# 上海迪士尼度假区的微博视频,,,,2026-04-18 17:17:19,https://weibo.com/5200478600/QwQdlyXlo,很期待生日庆典。,蓝海云婷,积极,5,满意,其他,SnowNLP快速分析,82,0,否,积极,snownlp,"[{""category"": ""其他"", ""aspect"": ""整体体验"", ""polarity"": ""中性"", ""intensity"": ""3"", ""specific_emotion"": ""中性"", ""csi_score"": ""50""}]",0,未知
weibo,weibo_9_1776503839,米奇和朋友们向你发起邀请，这一场奇妙之约，从上海出发！ 欢迎每一个你，都来欢庆。  上海迪士尼10岁生日庆典，我们明天见！ #上海迪士尼10岁生日# #加你更奇妙# 上海迪士尼度假区的微博视频,,,,2026-04-18 17:17:19,https://weibo.com/5200478600/QwQdlyXlo,好期待呀!!!!,WeN紋wEn的溫,中性,3,中性,其他,SnowNLP快速分析,50,0,否,中性,snownlp,"[{""category"": ""其他"", ""aspect"": ""整体体验"", ""polarity"": ""积极"", ""intensity"": ""5"", ""specific_emotion"": ""满意"", ""csi_score"": ""75""}]",0,未知
weibo,weibo_9_1776503839,米奇和朋友们向你发起邀请，这一场奇妙之约，从上海出发！ 欢迎每一个你，都来欢庆。  上海迪士尼10岁生日庆典，我们明天见！ #上海迪士尼10岁生日# #加你更奇妙# 上海迪士尼度假区的微博视频,,,,2026-04-18 17:17:19,https://weibo.com/5200478600/QwQdlyXlo,因为刘宇宁的新歌《奇妙就在身边》才知道这个庆典！生日快乐！💛🍓🌻,LYN宁NYL,积极,5,满意,其他,SnowNLP快速分析,99,0,否,积极,snownlp,"[{""category"": ""其他"", ""aspect"": ""整体体验"", ""polarity"": ""中性"", ""intensity"": ""3"", ""specific_emotion"": ""中性"", ""csi_score"": ""50""}]",0,未知
weibo,weibo_9_1776503839,米奇和朋友们向你发起邀请，这一场奇妙之约，从上海出发！ 欢迎每一个你，都来欢庆。  上海迪士尼10岁生日庆典，我们明天见！ #上海迪士尼10岁生日# #加你更奇妙# 上海迪士尼度假区的微博视频,,,,2026-04-18 17:17:19,https://weibo.com/5200478600/QwQdlyXlo,eiei8877:,eiei8877,中性,3,中性,其他,SnowNLP快速分析,50,0,否,中性,snownlp,"[{""category"": ""其他"", ""aspect"": ""整体体验"", ""polarity"": ""中性"", ""intensity"": ""3"", ""specific_emotion"": ""中性"", ""csi_score"": ""50""}]",0,未知
weibo,weibo_9_1776503839,米奇和朋友们向你发起邀请，这一场奇妙之约，从上海出发！ 欢迎每一个你，都来欢庆。  上海迪士尼10岁生日庆典，我们明天见！ #上海迪士尼10岁生日# #加你更奇妙# 上海迪士尼度假区的微博视频,,,,2026-04-18 17:17:19,https://weibo.com/5200478600/QwQdlyXlo,潇桂源:,潇桂源,中性,3,中性,其他,SnowNLP快速分析,50,0,否,中性,snownlp,"[{""category"": ""其他"", ""aspect"": ""整体体验"", ""polarity"": ""中性"", ""intensity"": ""3"", ""specific_emotion"": ""中性"", ""csi_score"": ""50""}]",0,未知
weibo,weibo_9_1776503839,米奇和朋友们向你发起邀请，这一场奇妙之约，从上海出发！ 欢迎每一个你，都来欢庆。  上海迪士尼10岁生日庆典，我们明天见！ #上海迪士尼10岁生日# #加你更奇妙# 上海迪士尼度假区的微博视频,,,,2026-04-18 17:17:19,https://weibo.com/5200478600/QwQdlyXlo,我咋能进去啊,朴素的离离,消极,4,失望,其他,SnowNLP快速分析,23,5,是,消极,snownlp,"[{""category"": ""其他"", ""aspect"": ""整体体验"", ""polarity"": ""中性"", ""intensity"": ""3"", ""specific_emotion"": ""中性"", ""csi_score"": ""50""}]",5,未知
weibo,weibo_9_1776503839,米奇和朋友们向你发起邀请，这一场奇妙之约，从上海出发！ 欢迎每一个你，都来欢庆。  上海迪士尼10岁生日庆典，我们明天见！ #上海迪士尼10岁生日# #加你更奇妙# 上海迪士尼度假区的微博视频,,,,2026-04-18 17:17:19,https://weibo.com/5200478600/QwQdlyXlo,期待明天,玲娜贝儿今天不加班,中性,3,中性,其他,SnowNLP快速分析,50,0,否,中性,snownlp,"[{""category"": ""其他"", ""aspect"": ""整体体验"", ""polarity"": ""中性"", ""intensity"": ""3"", ""specific_emotion"": ""中性"", ""csi_score"": ""50""}]",0,未知
weibo,weibo_9_1776503839,米奇和朋友们向你发起邀请，这一场奇妙之约，从上海出发！ 欢迎每一个你，都来欢庆。  上海迪士尼10岁生日庆典，我们明天见！ #上海迪士尼10岁生日# #加你更奇妙# 上海迪士尼度假区的微博视频,,,,2026-04-18 17:17:19,https://weibo.com/5200478600/QwQdlyXlo,跟著@摩登兄弟刘宇宁 『We Make Magic，在一起，就是 Magic Together Forever』！很开心 很喜欢这旋律呀！,妤婷_VIVI,积极,5,满意,其他,SnowNLP快速分析,99,0,否,积极,snownlp,"[{""category"": ""其他"", ""aspect"": ""整体体验"", ""polarity"": ""积极"", ""intensity"": ""5"", ""specific_emotion"": ""满意"", ""csi_score"": ""82""}]",0,未知
weibo,weibo_9_1776503839,米奇和朋友们向你发起邀请，这一场奇妙之约，从上海出发！ 欢迎每一个你，都来欢庆。  上海迪士尼10岁生日庆典，我们明天见！ #上海迪士尼10岁生日# #加你更奇妙# 上海迪士尼度假区的微博视频,,,,2026-04-18 17:17:19,https://weibo.com/5200478600/QwQdlyXlo,希望可以听到十周年主题曲刘宇宁现场版@摩登兄弟刘宇宁 #刘宇宁奇妙在身边# #上海迪士尼10岁生日#上海迪士尼10岁生日庆典主题曲#,LYN的小欣子,积极,5,满意,其他,SnowNLP快速分析,94,0,否,积极,snownlp,"[{""category"": ""其他"", ""aspect"": ""整体体验"", ""polarity"": ""中性"", ""intensity"": ""3"", ""specific_emotion"": ""中性"", ""csi_score"": ""50""}]",0,未知
weibo,weibo_9_1776503839,米奇和朋友们向你发起邀请，这一场奇妙之约，从上海出发！ 欢迎每一个你，都来欢庆。  上海迪士尼10岁生日庆典，我们明天见！ #上海迪士尼10岁生日# #加你更奇妙# 上海迪士尼度假区的微博视频,,,,2026-04-18 17:17:19,https://weibo.com/5200478600/QwQdlyXlo,现在想飞去上海，，，,祎个荷兰猪-,中性,3,中性,其他,SnowNLP快速分析,50,0,否,中性,snownlp,"[{""category"": ""其他"", ""aspect"": ""整体体验"", ""polarity"": ""中性"", ""intensity"": ""3"", ""specific_emotion"": ""中性"", ""csi_score"": ""50""}]",0,未知
weibo,weibo_9_1776503839,米奇和朋友们向你发起邀请，这一场奇妙之约，从上海出发！ 欢迎每一个你，都来欢庆。  上海迪士尼10岁生日庆典，我们明天见！ #上海迪士尼10岁生日# #加你更奇妙# 上海迪士尼度假区的微博视频,,,,2026-04-18 17:17:19,https://weibo.com/5200478600/QwQdlyXlo,不是不来，你一年比一年贵啊，建议恢复出厂价,ZL赫本赫2,消极,5,失望,其他,SnowNLP快速分析,7,9,是,消极,snownlp,"[{""category"": ""其他"", ""aspect"": ""整体体验"", ""polarity"": ""积极"", ""intensity"": ""5"", ""specific_emotion"": ""满意"", ""csi_score"": ""75""}]",9,未知
weibo,weibo_10_1776503864,神奇的魔法，正点亮你心中的奇妙！  ✨看！是米奇！ 他用神奇的魔法，点亮了闪耀的迪士尼星群，向你发出盛情邀请，期待你一起加入上海迪士尼10岁生日庆典。  🎉3月20日起，上海迪士尼10岁生日庆典即将正式启幕， 我们乐园见！愿奇妙与你相伴，收获更多惊喜！ #上海迪士尼10岁生日# #加你更奇妙# 上海迪士尼度假区的微博视频,,,,2026-04-18 17:17:44,https://weibo.com/5200478600/QwQ1ardtZ,傻白貓貓:,傻白貓貓,消极,3,失望,其他,SnowNLP快速分析,30,3,是,消极,snownlp,"[{""category"": ""其他"", ""aspect"": ""整体体验"", ""polarity"": ""中性"", ""intensity"": ""3"", ""specific_emotion"": ""中性"", ""csi_score"": ""50""}]",3,未知
weibo,weibo_10_1776503864,神奇的魔法，正点亮你心中的奇妙！  ✨看！是米奇！ 他用神奇的魔法，点亮了闪耀的迪士尼星群，向你发出盛情邀请，期待你一起加入上海迪士尼10岁生日庆典。  🎉3月20日起，上海迪士尼10岁生日庆典即将正式启幕， 我们乐园见！愿奇妙与你相伴，收获更多惊喜！ #上海迪士尼10岁生日# #加你更奇妙# 上海迪士尼度假区的微博视频,,,,2026-04-18 17:17:44,https://weibo.com/5200478600/QwQ1ardtZ,好酷 好奇妙,Eva-嘉華,积极,5,满意,其他,SnowNLP快速分析,96,0,否,积极,snownlp,"[{""category"": ""其他"", ""aspect"": ""整体体验"", ""polarity"": ""积极"", ""intensity"": ""5"", ""specific_emotion"": ""满意"", ""csi_score"": ""75""}]",0,未知
weibo,weibo_10_1776503864,神奇的魔法，正点亮你心中的奇妙！  ✨看！是米奇！ 他用神奇的魔法，点亮了闪耀的迪士尼星群，向你发出盛情邀请，期待你一起加入上海迪士尼10岁生日庆典。  🎉3月20日起，上海迪士尼10岁生日庆典即将正式启幕， 我们乐园见！愿奇妙与你相伴，收获更多惊喜！ #上海迪士尼10岁生日# #加你更奇妙# 上海迪士尼度假区的微博视频,,,,2026-04-18 17:17:44,https://weibo.com/5200478600/QwQ1ardtZ,米奇好可爱。,用户6203275085,积极,5,满意,其他,SnowNLP快速分析,95,0,否,积极,snownlp,"[{""category"": ""其他"", ""aspect"": ""整体体验"", ""polarity"": ""积极"", ""intensity"": ""5"", ""specific_emotion"": ""满意"", ""csi_score"": ""75""}]",0,未知
weibo,weibo_10_1776503864,神奇的魔法，正点亮你心中的奇妙！  ✨看！是米奇！ 他用神奇的魔法，点亮了闪耀的迪士尼星群，向你发出盛情邀请，期待你一起加入上海迪士尼10岁生日庆典。  🎉3月20日起，上海迪士尼10岁生日庆典即将正式启幕， 我们乐园见！愿奇妙与你相伴，收获更多惊喜！ #上海迪士尼10岁生日# #加你更奇妙# 上海迪士尼度假区的微博视频,,,,2026-04-18 17:17:44,https://weibo.com/5200478600/QwQ1ardtZ,米奇好萌啊！！！,江橹晚亚,积极,5,满意,其他,SnowNLP快速分析,79,0,否,积极,snownlp,"[{""category"": ""其他"", ""aspect"": ""整体体验"", ""polarity"": ""积极"", ""intensity"": ""5"", ""specific_emotion"": ""满意"", ""csi_score"": ""75""}]",0,未知
weibo,weibo_10_1776503864,神奇的魔法，正点亮你心中的奇妙！  ✨看！是米奇！ 他用神奇的魔法，点亮了闪耀的迪士尼星群，向你发出盛情邀请，期待你一起加入上海迪士尼10岁生日庆典。  🎉3月20日起，上海迪士尼10岁生日庆典即将正式启幕， 我们乐园见！愿奇妙与你相伴，收获更多惊喜！ #上海迪士尼10岁生日# #加你更奇妙# 上海迪士尼度假区的微博视频,,,,2026-04-18 17:17:44,https://weibo.com/5200478600/QwQ1ardtZ,好看,一枕赫间梦,积极,3,满意,其他,SnowNLP快速分析,71,0,否,积极,snownlp,"[{""category"": ""其他"", ""aspect"": ""整体体验"", ""polarity"": ""积极"", ""intensity"": ""5"", ""specific_emotion"": ""满意"", ""csi_score"": ""75""}]",0,未知
weibo,weibo_10_1776503864,神奇的魔法，正点亮你心中的奇妙！  ✨看！是米奇！ 他用神奇的魔法，点亮了闪耀的迪士尼星群，向你发出盛情邀请，期待你一起加入上海迪士尼10岁生日庆典。  🎉3月20日起，上海迪士尼10岁生日庆典即将正式启幕， 我们乐园见！愿奇妙与你相伴，收获更多惊喜！ #上海迪士尼10岁生日# #加你更奇妙# 上海迪士尼度假区的微博视频,,,,2026-04-18 17:17:44,https://weibo.com/5200478600/QwQ1ardtZ,史密斯洗碗机使用150次左右坏了，史密斯售后经理说：这是层层把关的，诶无语了,秋天的丁香树,消极,5,失望,其他,SnowNLP快速分析,0,10,是,消极,snownlp,"[{""category"": ""其他"", ""aspect"": ""整体体验"", ""polarity"": ""中性"", ""intensity"": ""3"", ""specific_emotion"": ""中性"", ""csi_score"": ""50""}]",10,未知
weibo,weibo_10_1776503864,神奇的魔法，正点亮你心中的奇妙！  ✨看！是米奇！ 他用神奇的魔法，点亮了闪耀的迪士尼星群，向你发出盛情邀请，期待你一起加入上海迪士尼10岁生日庆典。  🎉3月20日起，上海迪士尼10岁生日庆典即将正式启幕， 我们乐园见！愿奇妙与你相伴，收获更多惊喜！ #上海迪士尼10岁生日# #加你更奇妙# 上海迪士尼度假区的微博视频,,,,2026-04-18 17:17:44,https://weibo.com/5200478600/QwQ1ardtZ,森雾裕鹿:,森雾裕鹿,积极,5,满意,其他,SnowNLP快速分析,99,0,否,积极,snownlp,"[{""category"": ""其他"", ""aspect"": ""整体体验"", ""polarity"": ""中性"", ""intensity"": ""3"", ""specific_emotion"": ""中性"", ""csi_score"": ""50""}]",0,未知
weibo,weibo_10_1776503864,神奇的魔法，正点亮你心中的奇妙！  ✨看！是米奇！ 他用神奇的魔法，点亮了闪耀的迪士尼星群，向你发出盛情邀请，期待你一起加入上海迪士尼10岁生日庆典。  🎉3月20日起，上海迪士尼10岁生日庆典即将正式启幕， 我们乐园见！愿奇妙与你相伴，收获更多惊喜！ #上海迪士尼10岁生日# #加你更奇妙# 上海迪士尼度假区的微博视频,,,,2026-04-18 17:17:44,https://weibo.com/5200478600/QwQ1ardtZ,好漂亮好开心,佳雯1992,积极,5,满意,其他,SnowNLP快速分析,98,0,否,积极,snownlp,"[{""category"": ""其他"", ""aspect"": ""整体体验"", ""polarity"": ""积极"", ""intensity"": ""5"", ""specific_emotion"": ""满意"", ""csi_score"": ""75""}]",0,未知
weibo,weibo_10_1776503864,神奇的魔法，正点亮你心中的奇妙！  ✨看！是米奇！ 他用神奇的魔法，点亮了闪耀的迪士尼星群，向你发出盛情邀请，期待你一起加入上海迪士尼10岁生日庆典。  🎉3月20日起，上海迪士尼10岁生日庆典即将正式启幕， 我们乐园见！愿奇妙与你相伴，收获更多惊喜！ #上海迪士尼10岁生日# #加你更奇妙# 上海迪士尼度假区的微博视频,,,,2026-04-18 17:17:44,https://weibo.com/5200478600/QwQ1ardtZ,好美好漂亮和快乐的朋友一起快乐起来吧#上海迪士尼10岁生日# #刘宇宁出席上海迪士尼生日庆典#,lyn-延萍,积极,5,满意,其他,SnowNLP快速分析,99,0,否,积极,snownlp,"[{""category"": ""其他"", ""aspect"": ""整体体验"", ""polarity"": ""积极"", ""intensity"": ""5"", ""specific_emotion"": ""满意"", ""csi_score"": ""75""}]",0,未知
weibo,weibo_10_1776503864,神奇的魔法，正点亮你心中的奇妙！  ✨看！是米奇！ 他用神奇的魔法，点亮了闪耀的迪士尼星群，向你发出盛情邀请，期待你一起加入上海迪士尼10岁生日庆典。  🎉3月20日起，上海迪士尼10岁生日庆典即将正式启幕， 我们乐园见！愿奇妙与你相伴，收获更多惊喜！ #上海迪士尼10岁生日# #加你更奇妙# 上海迪士尼度假区的微博视频,,,,2026-04-18 17:17:44,https://weibo.com/5200478600/QwQ1ardtZ,早安,发际线1米7iii,积极,4,满意,其他,SnowNLP快速分析,76,0,否,积极,snownlp,"[{""category"": ""其他"", ""aspect"": ""整体体验"", ""polarity"": ""中性"", ""intensity"": ""3"", ""specific_emotion"": ""中性"", ""csi_score"": ""50""}]",0,未知
weibo,weibo_10_1776503864,神奇的魔法，正点亮你心中的奇妙！  ✨看！是米奇！ 他用神奇的魔法，点亮了闪耀的迪士尼星群，向你发出盛情邀请，期待你一起加入上海迪士尼10岁生日庆典。  🎉3月20日起，上海迪士尼10岁生日庆典即将正式启幕， 我们乐园见！愿奇妙与你相伴，收获更多惊喜！ #上海迪士尼10岁生日# #加你更奇妙# 上海迪士尼度假区的微博视频,,,,2026-04-18 17:17:44,https://weibo.com/5200478600/QwQ1ardtZ,rebeccaprincess113:,rebeccaprincess113,中性,3,中性,其他,SnowNLP快速分析,50,0,否,中性,snownlp,"[{""category"": ""其他"", ""aspect"": ""整体体验"", ""polarity"": ""中性"", ""intensity"": ""3"", ""specific_emotion"": ""中性"", ""csi_score"": ""50""}]",0,未知
weibo,weibo_10_1776503864,神奇的魔法，正点亮你心中的奇妙！  ✨看！是米奇！ 他用神奇的魔法，点亮了闪耀的迪士尼星群，向你发出盛情邀请，期待你一起加入上海迪士尼10岁生日庆典。  🎉3月20日起，上海迪士尼10岁生日庆典即将正式启幕， 我们乐园见！愿奇妙与你相伴，收获更多惊喜！ #上海迪士尼10岁生日# #加你更奇妙# 上海迪士尼度假区的微博视频,,,,2026-04-18 17:17:44,https://weibo.com/5200478600/QwQ1ardtZ,哇,潇潇苡慕萱,中性,3,中性,其他,SnowNLP快速分析,50,0,否,中性,snownlp,"[{""category"": ""其他"", ""aspect"": ""整体体验"", ""polarity"": ""中性"", ""intensity"": ""3"", ""specific_emotion"": ""中性"", ""csi_score"": ""50""}]",0,未知
weibo,weibo_10_1776503864,神奇的魔法，正点亮你心中的奇妙！  ✨看！是米奇！ 他用神奇的魔法，点亮了闪耀的迪士尼星群，向你发出盛情邀请，期待你一起加入上海迪士尼10岁生日庆典。  🎉3月20日起，上海迪士尼10岁生日庆典即将正式启幕， 我们乐园见！愿奇妙与你相伴，收获更多惊喜！ #上海迪士尼10岁生日# #加你更奇妙# 上海迪士尼度假区的微博视频,,,,2026-04-18 17:17:44,https://weibo.com/5200478600/QwQ1ardtZ,期待,莓凛YN,积极,3,满意,其他,SnowNLP快速分析,68,0,否,积极,snownlp,"[{""category"": ""其他"", ""aspect"": ""整体体验"", ""polarity"": ""中性"", ""intensity"": ""3"", ""specific_emotion"": ""中性"", ""csi_score"": ""50""}]",0,未知
weibo,weibo_11_1776503888,10岁生日庆典｜神奇点亮城市夜空！  💫今夜的外滩，属于迪士尼，也属于你。米奇“惊喜现身”，和其他迪士尼朋友一起，向整座城市发起邀请，来加入这场盛会！ 🎂就在明天，上海迪士尼10岁生日庆典即将正式开启！所有惊喜、欢笑、奇妙都已就位，等你回家，加你更奇妙！  #上海迪士尼10岁生日# #加你更奇妙#,,,,2026-04-18 17:18:08,https://weibo.com/5200478600/QwPOZf4MO,-Escly:,-Escly,中性,3,中性,其他,SnowNLP快速分析,50,0,否,中性,snownlp,"[{""category"": ""其他"", ""aspect"": ""整体体验"", ""polarity"": ""中性"", ""intensity"": ""3"", ""specific_emotion"": ""中性"", ""csi_score"": ""50""}]",0,未知
weibo,weibo_11_1776503888,10岁生日庆典｜神奇点亮城市夜空！  💫今夜的外滩，属于迪士尼，也属于你。米奇“惊喜现身”，和其他迪士尼朋友一起，向整座城市发起邀请，来加入这场盛会！ 🎂就在明天，上海迪士尼10岁生日庆典即将正式开启！所有惊喜、欢笑、奇妙都已就位，等你回家，加你更奇妙！  #上海迪士尼10岁生日# #加你更奇妙#,,,,2026-04-18 17:18:08,https://weibo.com/5200478600/QwPOZf4MO,#上海迪士尼10岁生日# 10岁生日快乐🎂🎂🎂期待带来更多神奇,好奇宝宝最爱的琪,积极,5,满意,其他,SnowNLP快速分析,96,0,否,积极,snownlp,"[{""category"": ""其他"", ""aspect"": ""整体体验"", ""polarity"": ""中性"", ""intensity"": ""3"", ""specific_emotion"": ""中性"", ""csi_score"": ""50""}]",0,未知
weibo,weibo_11_1776503888,10岁生日庆典｜神奇点亮城市夜空！  💫今夜的外滩，属于迪士尼，也属于你。米奇“惊喜现身”，和其他迪士尼朋友一起，向整座城市发起邀请，来加入这场盛会！ 🎂就在明天，上海迪士尼10岁生日庆典即将正式开启！所有惊喜、欢笑、奇妙都已就位，等你回家，加你更奇妙！  #上海迪士尼10岁生日# #加你更奇妙#,,,,2026-04-18 17:18:08,https://weibo.com/5200478600/QwPOZf4MO,@赵雅芝 宝宝看到了没,MandyProMax,积极,5,满意,其他,SnowNLP快速分析,99,0,否,积极,snownlp,"[{""category"": ""其他"", ""aspect"": ""整体体验"", ""polarity"": ""中性"", ""intensity"": ""3"", ""specific_emotion"": ""中性"", ""csi_score"": ""50""}]",0,未知
weibo,weibo_11_1776503888,10岁生日庆典｜神奇点亮城市夜空！  💫今夜的外滩，属于迪士尼，也属于你。米奇“惊喜现身”，和其他迪士尼朋友一起，向整座城市发起邀请，来加入这场盛会！ 🎂就在明天，上海迪士尼10岁生日庆典即将正式开启！所有惊喜、欢笑、奇妙都已就位，等你回家，加你更奇妙！  #上海迪士尼10岁生日# #加你更奇妙#,,,,2026-04-18 17:18:08,https://weibo.com/5200478600/QwPOZf4MO,十周年快乐,金攒攒变大富婆_,积极,5,满意,其他,SnowNLP快速分析,98,0,否,积极,snownlp,"[{""category"": ""其他"", ""aspect"": ""整体体验"", ""polarity"": ""中性"", ""intensity"": ""3"", ""specific_emotion"": ""中性"", ""csi_score"": ""50""}]",0,未知
weibo,weibo_11_1776503888,10岁生日庆典｜神奇点亮城市夜空！  💫今夜的外滩，属于迪士尼，也属于你。米奇“惊喜现身”，和其他迪士尼朋友一起，向整座城市发起邀请，来加入这场盛会！ 🎂就在明天，上海迪士尼10岁生日庆典即将正式开启！所有惊喜、欢笑、奇妙都已就位，等你回家，加你更奇妙！  #上海迪士尼10岁生日# #加你更奇妙#,,,,2026-04-18 17:18:08,https://weibo.com/5200478600/QwPOZf4MO,太棒了👏🌟#上海迪士尼10岁生日#,双鱼座Shelley,积极,3,满意,其他,SnowNLP快速分析,68,0,否,积极,snownlp,"[{""category"": ""其他"", ""aspect"": ""整体体验"", ""polarity"": ""积极"", ""intensity"": ""5"", ""specific_emotion"": ""满意"", ""csi_score"": ""75""}]",0,未知
weibo,weibo_11_1776503888,10岁生日庆典｜神奇点亮城市夜空！  💫今夜的外滩，属于迪士尼，也属于你。米奇“惊喜现身”，和其他迪士尼朋友一起，向整座城市发起邀请，来加入这场盛会！ 🎂就在明天，上海迪士尼10岁生日庆典即将正式开启！所有惊喜、欢笑、奇妙都已就位，等你回家，加你更奇妙！  #上海迪士尼10岁生日# #加你更奇妙#,,,,2026-04-18 17:18:08,https://weibo.com/5200478600/QwPOZf4MO,嘎嘎幸福的唐老鸭 :,嘎嘎幸福的唐老鸭,积极,5,满意,其他,SnowNLP快速分析,86,0,否,积极,snownlp,"[{""category"": ""其他"", ""aspect"": ""整体体验"", ""polarity"": ""中性"", ""intensity"": ""3"", ""specific_emotion"": ""中性"", ""csi_score"": ""50""}]",0,未知
weibo,weibo_11_1776503888,10岁生日庆典｜神奇点亮城市夜空！  💫今夜的外滩，属于迪士尼，也属于你。米奇“惊喜现身”，和其他迪士尼朋友一起，向整座城市发起邀请，来加入这场盛会！ 🎂就在明天，上海迪士尼10岁生日庆典即将正式开启！所有惊喜、欢笑、奇妙都已就位，等你回家，加你更奇妙！  #上海迪士尼10岁生日# #加你更奇妙#,,,,2026-04-18 17:18:08,https://weibo.com/5200478600/QwPOZf4MO,好耶,要去上迪抱宝贝们的晁晁,中性,3,中性,其他,SnowNLP快速分析,50,0,否,中性,snownlp,"[{""category"": ""其他"", ""aspect"": ""整体体验"", ""polarity"": ""积极"", ""intensity"": ""5"", ""specific_emotion"": ""满意"", ""csi_score"": ""75""}]",0,未知
weibo,weibo_11_1776503888,10岁生日庆典｜神奇点亮城市夜空！  💫今夜的外滩，属于迪士尼，也属于你。米奇“惊喜现身”，和其他迪士尼朋友一起，向整座城市发起邀请，来加入这场盛会！ 🎂就在明天，上海迪士尼10岁生日庆典即将正式开启！所有惊喜、欢笑、奇妙都已就位，等你回家，加你更奇妙！  #上海迪士尼10岁生日# #加你更奇妙#,,,,2026-04-18 17:18:08,https://weibo.com/5200478600/QwPOZf4MO,震撼,MLY向晚伴笛,积极,5,满意,其他,SnowNLP快速分析,80,0,否,积极,snownlp,"[{""category"": ""其他"", ""aspect"": ""整体体验"", ""polarity"": ""中性"", ""intensity"": ""3"", ""specific_emotion"": ""中性"", ""csi_score"": ""50""}]",0,未知
weibo,weibo_11_1776503888,10岁生日庆典｜神奇点亮城市夜空！  💫今夜的外滩，属于迪士尼，也属于你。米奇“惊喜现身”，和其他迪士尼朋友一起，向整座城市发起邀请，来加入这场盛会！ 🎂就在明天，上海迪士尼10岁生日庆典即将正式开启！所有惊喜、欢笑、奇妙都已就位，等你回家，加你更奇妙！  #上海迪士尼10岁生日# #加你更奇妙#,,,,2026-04-18 17:18:08,https://weibo.com/5200478600/QwPOZf4MO,好美啊,星支爻,积极,5,满意,其他,SnowNLP快速分析,91,0,否,积极,snownlp,"[{""category"": ""其他"", ""aspect"": ""整体体验"", ""polarity"": ""积极"", ""intensity"": ""5"", ""specific_emotion"": ""满意"", ""csi_score"": ""75""}]",0,未知
weibo,weibo_11_1776503888,10岁生日庆典｜神奇点亮城市夜空！  💫今夜的外滩，属于迪士尼，也属于你。米奇“惊喜现身”，和其他迪士尼朋友一起，向整座城市发起邀请，来加入这场盛会！ 🎂就在明天，上海迪士尼10岁生日庆典即将正式开启！所有惊喜、欢笑、奇妙都已就位，等你回家，加你更奇妙！  #上海迪士尼10岁生日# #加你更奇妙#,,,,2026-04-18 17:18:08,https://weibo.com/5200478600/QwPOZf4MO,生日快乐,柠檬精一样讨人喜欢的韜濤,积极,5,满意,其他,SnowNLP快速分析,96,0,否,积极,snownlp,"[{""category"": ""其他"", ""aspect"": ""整体体验"", ""polarity"": ""中性"", ""intensity"": ""3"", ""specific_emotion"": ""中性"", ""csi_score"": ""50""}]",0,未知
weibo,weibo_11_1776503888,10岁生日庆典｜神奇点亮城市夜空！  💫今夜的外滩，属于迪士尼，也属于你。米奇“惊喜现身”，和其他迪士尼朋友一起，向整座城市发起邀请，来加入这场盛会！ 🎂就在明天，上海迪士尼10岁生日庆典即将正式开启！所有惊喜、欢笑、奇妙都已就位，等你回家，加你更奇妙！  #上海迪士尼10岁生日# #加你更奇妙#,,,,2026-04-18 17:18:08,https://weibo.com/5200478600/QwPOZf4MO,十周年快乐！！！,-Escly,积极,5,满意,其他,SnowNLP快速分析,94,0,否,积极,snownlp,"[{""category"": ""其他"", ""aspect"": ""整体体验"", ""polarity"": ""中性"", ""intensity"": ""3"", ""specific_emotion"": ""中性"", ""csi_score"": ""50""}]",0,未知
weibo,weibo_11_1776503888,10岁生日庆典｜神奇点亮城市夜空！  💫今夜的外滩，属于迪士尼，也属于你。米奇“惊喜现身”，和其他迪士尼朋友一起，向整座城市发起邀请，来加入这场盛会！ 🎂就在明天，上海迪士尼10岁生日庆典即将正式开启！所有惊喜、欢笑、奇妙都已就位，等你回家，加你更奇妙！  #上海迪士尼10岁生日# #加你更奇妙#,,,,2026-04-18 17:18:08,https://weibo.com/5200478600/QwPOZf4MO,上海迪士尼和@摩登兄弟刘宇宁 一起庆祝，10 岁生日快乐！,夏日清宁檬,积极,5,满意,其他,SnowNLP快速分析,99,0,否,积极,snownlp,"[{""category"": ""其他"", ""aspect"": ""整体体验"", ""polarity"": ""中性"", ""intensity"": ""3"", ""specific_emotion"": ""中性"", ""csi_score"": ""50""}]",0,未知
weibo,weibo_12_1776503912,上海迪士尼度假区迎来10岁生日庆典啦！ 十年童话印记，每一次翻开都是通往奇妙的入场券。 在梦想护照上收集每一次奇妙体验的印章，用纪念币保存每一次的神奇瞬间，用卡牌解锁惊喜，用匠心记录每一份感动，让指尖触碰的每一页，都跃动童话。 远望谷祝 @上海迪士尼度假区 10岁生日快乐！ 你带来奇妙，我把所有奇妙记忆珍藏起来！加你收藏奇妙！  评论区晒出你的奇妙珍藏，抽【10】位幸运小伙伴送【上海迪士尼度假区十周年梦想护照】！ #上海迪士尼10岁生日# #加你更奇妙# #加你收藏奇妙#  抽奖详情,,,,2026-04-18 17:18:32,https://weibo.com/1980226780/QwMWx35eb,十周年啦 必须去,-哒哒L哒-,积极,5,满意,其他,SnowNLP快速分析,81,0,否,积极,snownlp,"[{""category"": ""其他"", ""aspect"": ""整体体验"", ""polarity"": ""中性"", ""intensity"": ""3"", ""specific_emotion"": ""中性"", ""csi_score"": ""50""}]",0,未知
weibo,weibo_12_1776503912,上海迪士尼度假区迎来10岁生日庆典啦！ 十年童话印记，每一次翻开都是通往奇妙的入场券。 在梦想护照上收集每一次奇妙体验的印章，用纪念币保存每一次的神奇瞬间，用卡牌解锁惊喜，用匠心记录每一份感动，让指尖触碰的每一页，都跃动童话。 远望谷祝 @上海迪士尼度假区 10岁生日快乐！ 你带来奇妙，我把所有奇妙记忆珍藏起来！加你收藏奇妙！  评论区晒出你的奇妙珍藏，抽【10】位幸运小伙伴送【上海迪士尼度假区十周年梦想护照】！ #上海迪士尼10岁生日# #加你更奇妙# #加你收藏奇妙#  抽奖详情,,,,2026-04-18 17:18:32,https://weibo.com/1980226780/QwMWx35eb,许个愿！,好运爆彭-cake,中性,3,中性,其他,SnowNLP快速分析,50,0,否,中性,snownlp,"[{""category"": ""其他"", ""aspect"": ""整体体验"", ""polarity"": ""中性"", ""intensity"": ""3"", ""specific_emotion"": ""中性"", ""csi_score"": ""50""}]",0,未知
weibo,weibo_12_1776503912,上海迪士尼度假区迎来10岁生日庆典啦！ 十年童话印记，每一次翻开都是通往奇妙的入场券。 在梦想护照上收集每一次奇妙体验的印章，用纪念币保存每一次的神奇瞬间，用卡牌解锁惊喜，用匠心记录每一份感动，让指尖触碰的每一页，都跃动童话。 远望谷祝 @上海迪士尼度假区 10岁生日快乐！ 你带来奇妙，我把所有奇妙记忆珍藏起来！加你收藏奇妙！  评论区晒出你的奇妙珍藏，抽【10】位幸运小伙伴送【上海迪士尼度假区十周年梦想护照】！ #上海迪士尼10岁生日# #加你更奇妙# #加你收藏奇妙#  抽奖详情,,,,2026-04-18 17:18:32,https://weibo.com/1980226780/QwMWx35eb,好,山兔子01,积极,3,满意,其他,SnowNLP快速分析,65,0,否,积极,snownlp,"[{""category"": ""其他"", ""aspect"": ""整体体验"", ""polarity"": ""积极"", ""intensity"": ""5"", ""specific_emotion"": ""满意"", ""csi_score"": ""75""}]",0,未知
weibo,weibo_12_1776503912,上海迪士尼度假区迎来10岁生日庆典啦！ 十年童话印记，每一次翻开都是通往奇妙的入场券。 在梦想护照上收集每一次奇妙体验的印章，用纪念币保存每一次的神奇瞬间，用卡牌解锁惊喜，用匠心记录每一份感动，让指尖触碰的每一页，都跃动童话。 远望谷祝 @上海迪士尼度假区 10岁生日快乐！ 你带来奇妙，我把所有奇妙记忆珍藏起来！加你收藏奇妙！  评论区晒出你的奇妙珍藏，抽【10】位幸运小伙伴送【上海迪士尼度假区十周年梦想护照】！ #上海迪士尼10岁生日# #加你更奇妙# #加你收藏奇妙#  抽奖详情,,,,2026-04-18 17:18:32,https://weibo.com/1980226780/QwMWx35eb,上海迪士尼生日快乐,好运爆彭-cake,积极,5,满意,其他,SnowNLP快速分析,95,0,否,积极,snownlp,"[{""category"": ""其他"", ""aspect"": ""整体体验"", ""polarity"": ""中性"", ""intensity"": ""3"", ""specific_emotion"": ""中性"", ""csi_score"": ""50""}]",0,未知
weibo,weibo_12_1776503912,上海迪士尼度假区迎来10岁生日庆典啦！ 十年童话印记，每一次翻开都是通往奇妙的入场券。 在梦想护照上收集每一次奇妙体验的印章，用纪念币保存每一次的神奇瞬间，用卡牌解锁惊喜，用匠心记录每一份感动，让指尖触碰的每一页，都跃动童话。 远望谷祝 @上海迪士尼度假区 10岁生日快乐！ 你带来奇妙，我把所有奇妙记忆珍藏起来！加你收藏奇妙！  评论区晒出你的奇妙珍藏，抽【10】位幸运小伙伴送【上海迪士尼度假区十周年梦想护照】！ #上海迪士尼10岁生日# #加你更奇妙# #加你收藏奇妙#  抽奖详情,,,,2026-04-18 17:18:32,https://weibo.com/1980226780/QwMWx35eb,想去迪士尼！,你-怎么总熬夜_,积极,4,满意,其他,SnowNLP快速分析,78,0,否,积极,snownlp,"[{""category"": ""其他"", ""aspect"": ""整体体验"", ""polarity"": ""中性"", ""intensity"": ""3"", ""specific_emotion"": ""中性"", ""csi_score"": ""50""}]",0,未知
weibo,weibo_12_1776503912,上海迪士尼度假区迎来10岁生日庆典啦！ 十年童话印记，每一次翻开都是通往奇妙的入场券。 在梦想护照上收集每一次奇妙体验的印章，用纪念币保存每一次的神奇瞬间，用卡牌解锁惊喜，用匠心记录每一份感动，让指尖触碰的每一页，都跃动童话。 远望谷祝 @上海迪士尼度假区 10岁生日快乐！ 你带来奇妙，我把所有奇妙记忆珍藏起来！加你收藏奇妙！  评论区晒出你的奇妙珍藏，抽【10】位幸运小伙伴送【上海迪士尼度假区十周年梦想护照】！ #上海迪士尼10岁生日# #加你更奇妙# #加你收藏奇妙#  抽奖详情,,,,2026-04-18 17:18:32,https://weibo.com/1980226780/QwMWx35eb,想要，还没去过呢,LYN_刘豆汁儿,中性,3,中性,其他,SnowNLP快速分析,50,0,否,中性,snownlp,"[{""category"": ""其他"", ""aspect"": ""整体体验"", ""polarity"": ""中性"", ""intensity"": ""3"", ""specific_emotion"": ""中性"", ""csi_score"": ""50""}]",0,未知
weibo,weibo_12_1776503912,上海迪士尼度假区迎来10岁生日庆典啦！ 十年童话印记，每一次翻开都是通往奇妙的入场券。 在梦想护照上收集每一次奇妙体验的印章，用纪念币保存每一次的神奇瞬间，用卡牌解锁惊喜，用匠心记录每一份感动，让指尖触碰的每一页，都跃动童话。 远望谷祝 @上海迪士尼度假区 10岁生日快乐！ 你带来奇妙，我把所有奇妙记忆珍藏起来！加你收藏奇妙！  评论区晒出你的奇妙珍藏，抽【10】位幸运小伙伴送【上海迪士尼度假区十周年梦想护照】！ #上海迪士尼10岁生日# #加你更奇妙# #加你收藏奇妙#  抽奖详情,,,,2026-04-18 17:18:32,https://weibo.com/1980226780/QwMWx35eb,哈哈哈哈哈哈,内娱完了内娱完了,积极,5,满意,其他,SnowNLP快速分析,97,0,否,积极,snownlp,"[{""category"": ""其他"", ""aspect"": ""整体体验"", ""polarity"": ""中性"", ""intensity"": ""3"", ""specific_emotion"": ""中性"", ""csi_score"": ""50""}]",0,未知
weibo,weibo_12_1776503912,上海迪士尼度假区迎来10岁生日庆典啦！ 十年童话印记，每一次翻开都是通往奇妙的入场券。 在梦想护照上收集每一次奇妙体验的印章，用纪念币保存每一次的神奇瞬间，用卡牌解锁惊喜，用匠心记录每一份感动，让指尖触碰的每一页，都跃动童话。 远望谷祝 @上海迪士尼度假区 10岁生日快乐！ 你带来奇妙，我把所有奇妙记忆珍藏起来！加你收藏奇妙！  评论区晒出你的奇妙珍藏，抽【10】位幸运小伙伴送【上海迪士尼度假区十周年梦想护照】！ #上海迪士尼10岁生日# #加你更奇妙# #加你收藏奇妙#  抽奖详情,,,,2026-04-18 17:18:32,https://weibo.com/1980226780/QwMWx35eb,哈哈哈哈哈哈,六号存栀,积极,5,满意,其他,SnowNLP快速分析,97,0,否,积极,snownlp,"[{""category"": ""其他"", ""aspect"": ""整体体验"", ""polarity"": ""中性"", ""intensity"": ""3"", ""specific_emotion"": ""中性"", ""csi_score"": ""50""}]",0,未知
weibo,weibo_12_1776503912,上海迪士尼度假区迎来10岁生日庆典啦！ 十年童话印记，每一次翻开都是通往奇妙的入场券。 在梦想护照上收集每一次奇妙体验的印章，用纪念币保存每一次的神奇瞬间，用卡牌解锁惊喜，用匠心记录每一份感动，让指尖触碰的每一页，都跃动童话。 远望谷祝 @上海迪士尼度假区 10岁生日快乐！ 你带来奇妙，我把所有奇妙记忆珍藏起来！加你收藏奇妙！  评论区晒出你的奇妙珍藏，抽【10】位幸运小伙伴送【上海迪士尼度假区十周年梦想护照】！ #上海迪士尼10岁生日# #加你更奇妙# #加你收藏奇妙#  抽奖详情,,,,2026-04-18 17:18:32,https://weibo.com/1980226780/QwMWx35eb,安排。,机房号123,中性,3,中性,其他,SnowNLP快速分析,50,0,否,中性,snownlp,"[{""category"": ""其他"", ""aspect"": ""整体体验"", ""polarity"": ""中性"", ""intensity"": ""3"", ""specific_emotion"": ""中性"", ""csi_score"": ""50""}]",0,未知
weibo,weibo_12_1776503912,上海迪士尼度假区迎来10岁生日庆典啦！ 十年童话印记，每一次翻开都是通往奇妙的入场券。 在梦想护照上收集每一次奇妙体验的印章，用纪念币保存每一次的神奇瞬间，用卡牌解锁惊喜，用匠心记录每一份感动，让指尖触碰的每一页，都跃动童话。 远望谷祝 @上海迪士尼度假区 10岁生日快乐！ 你带来奇妙，我把所有奇妙记忆珍藏起来！加你收藏奇妙！  评论区晒出你的奇妙珍藏，抽【10】位幸运小伙伴送【上海迪士尼度假区十周年梦想护照】！ #上海迪士尼10岁生日# #加你更奇妙# #加你收藏奇妙#  抽奖详情,,,,2026-04-18 17:18:32,https://weibo.com/1980226780/QwMWx35eb,哈哈哈哈,大奖都被谁中了,积极,5,满意,其他,SnowNLP快速分析,86,0,否,积极,snownlp,"[{""category"": ""其他"", ""aspect"": ""整体体验"", ""polarity"": ""中性"", ""intensity"": ""3"", ""specific_emotion"": ""中性"", ""csi_score"": ""50""}]",0,未知
weibo,weibo_12_1776503912,上海迪士尼度假区迎来10岁生日庆典啦！ 十年童话印记，每一次翻开都是通往奇妙的入场券。 在梦想护照上收集每一次奇妙体验的印章，用纪念币保存每一次的神奇瞬间，用卡牌解锁惊喜，用匠心记录每一份感动，让指尖触碰的每一页，都跃动童话。 远望谷祝 @上海迪士尼度假区 10岁生日快乐！ 你带来奇妙，我把所有奇妙记忆珍藏起来！加你收藏奇妙！  评论区晒出你的奇妙珍藏，抽【10】位幸运小伙伴送【上海迪士尼度假区十周年梦想护照】！ #上海迪士尼10岁生日# #加你更奇妙# #加你收藏奇妙#  抽奖详情,,,,2026-04-18 17:18:32,https://weibo.com/1980226780/QwMWx35eb,许愿,星空下De传说灬,积极,5,满意,其他,SnowNLP快速分析,83,0,否,积极,snownlp,"[{""category"": ""其他"", ""aspect"": ""整体体验"", ""polarity"": ""中性"", ""intensity"": ""3"", ""specific_emotion"": ""中性"", ""csi_score"": ""50""}]",0,未知
weibo,weibo_12_1776503912,上海迪士尼度假区迎来10岁生日庆典啦！ 十年童话印记，每一次翻开都是通往奇妙的入场券。 在梦想护照上收集每一次奇妙体验的印章，用纪念币保存每一次的神奇瞬间，用卡牌解锁惊喜，用匠心记录每一份感动，让指尖触碰的每一页，都跃动童话。 远望谷祝 @上海迪士尼度假区 10岁生日快乐！ 你带来奇妙，我把所有奇妙记忆珍藏起来！加你收藏奇妙！  评论区晒出你的奇妙珍藏，抽【10】位幸运小伙伴送【上海迪士尼度假区十周年梦想护照】！ #上海迪士尼10岁生日# #加你更奇妙# #加你收藏奇妙#  抽奖详情,,,,2026-04-18 17:18:32,https://weibo.com/1980226780/QwMWx35eb,来了,NYMERlA,中性,3,中性,其他,SnowNLP快速分析,50,0,否,中性,snownlp,"[{""category"": ""其他"", ""aspect"": ""整体体验"", ""polarity"": ""中性"", ""intensity"": ""3"", ""specific_emotion"": ""中性"", ""csi_score"": ""50""}]",0,未知
weibo,weibo_12_1776503912,上海迪士尼度假区迎来10岁生日庆典啦！ 十年童话印记，每一次翻开都是通往奇妙的入场券。 在梦想护照上收集每一次奇妙体验的印章，用纪念币保存每一次的神奇瞬间，用卡牌解锁惊喜，用匠心记录每一份感动，让指尖触碰的每一页，都跃动童话。 远望谷祝 @上海迪士尼度假区 10岁生日快乐！ 你带来奇妙，我把所有奇妙记忆珍藏起来！加你收藏奇妙！  评论区晒出你的奇妙珍藏，抽【10】位幸运小伙伴送【上海迪士尼度假区十周年梦想护照】！ #上海迪士尼10岁生日# #加你更奇妙# #加你收藏奇妙#  抽奖详情,,,,2026-04-18 17:18:32,https://weibo.com/1980226780/QwMWx35eb,woo3916:,woo3916,中性,3,中性,其他,SnowNLP快速分析,50,0,否,中性,snownlp,"[{""category"": ""其他"", ""aspect"": ""整体体验"", ""polarity"": ""中性"", ""intensity"": ""3"", ""specific_emotion"": ""中性"", ""csi_score"": ""50""}]",0,未知
weibo,weibo_12_1776503912,上海迪士尼度假区迎来10岁生日庆典啦！ 十年童话印记，每一次翻开都是通往奇妙的入场券。 在梦想护照上收集每一次奇妙体验的印章，用纪念币保存每一次的神奇瞬间，用卡牌解锁惊喜，用匠心记录每一份感动，让指尖触碰的每一页，都跃动童话。 远望谷祝 @上海迪士尼度假区 10岁生日快乐！ 你带来奇妙，我把所有奇妙记忆珍藏起来！加你收藏奇妙！  评论区晒出你的奇妙珍藏，抽【10】位幸运小伙伴送【上海迪士尼度假区十周年梦想护照】！ #上海迪士尼10岁生日# #加你更奇妙# #加你收藏奇妙#  抽奖详情,,,,2026-04-18 17:18:32,https://weibo.com/1980226780/QwMWx35eb,十年前爆棚的运气，自那之后，就再也没有了，@上海迪士尼度假区,小鳝丝同学,积极,5,满意,其他,SnowNLP快速分析,86,0,否,积极,snownlp,"[{""category"": ""其他"", ""aspect"": ""整体体验"", ""polarity"": ""中性"", ""intensity"": ""3"", ""specific_emotion"": ""中性"", ""csi_score"": ""50""}]",0,未知
weibo,weibo_13_1776503962,10岁生日庆典倒计时，和达菲萌友们一起追寻星光✨,,,,2026-04-18 17:19:22,https://weibo.com/5200478600/QwMhZrOgH,嘎嘎幸福的唐老鸭 :,嘎嘎幸福的唐老鸭,积极,5,满意,其他,SnowNLP快速分析,86,0,否,积极,snownlp,"[{""category"": ""其他"", ""aspect"": ""整体体验"", ""polarity"": ""中性"", ""intensity"": ""3"", ""specific_emotion"": ""中性"", ""csi_score"": ""50""}]",0,未知
weibo,weibo_13_1776503962,10岁生日庆典倒计时，和达菲萌友们一起追寻星光✨,,,,2026-04-18 17:19:22,https://weibo.com/5200478600/QwMhZrOgH,太可爱了,要去上迪抱宝贝们的晁晁,积极,3,满意,其他,SnowNLP快速分析,66,0,否,积极,snownlp,"[{""category"": ""其他"", ""aspect"": ""整体体验"", ""polarity"": ""中性"", ""intensity"": ""3"", ""specific_emotion"": ""中性"", ""csi_score"": ""50""}]",0,未知
weibo,weibo_13_1776503962,10岁生日庆典倒计时，和达菲萌友们一起追寻星光✨,,,,2026-04-18 17:19:22,https://weibo.com/5200478600/QwMhZrOgH,玲娜bellbell :,玲娜bellbell,中性,3,中性,其他,SnowNLP快速分析,50,0,否,中性,snownlp,"[{""category"": ""其他"", ""aspect"": ""整体体验"", ""polarity"": ""中性"", ""intensity"": ""3"", ""specific_emotion"": ""中性"", ""csi_score"": ""50""}]",0,未知
weibo,weibo_14_1776503985,十年同行，每一次烟花绽放都在点亮童话。 从专属游园保障到贴心服务守护，从城堡夜空到欢乐瞬间，我们见证无数家庭的欢笑与感动。 当烟花照亮夜空，当笑脸绽放在眼前——原来那些被守护的每一天，就是童话本身。 谢谢迪士尼让每一份信任都有温度，谢谢每一个相信童话的你，让奇妙旅程温暖如初。 即将迎来35周年庆的中国太平洋保险祝@上海迪士尼度假区 10岁生日快乐！ 你负责奔赴童话，我负责守护每一天，加你绽放奇妙！ 卅五载，共未来！ #上海迪士尼10岁生日# #卅五载共未来# #加你绽放奇妙# #加你更奇妙#,,,,2026-04-18 17:19:45,https://weibo.com/1730276312/QwIWN984u,,,中性,3,中性,其他,SnowNLP快速分析,50,0,否,中性,snownlp,"[{""category"": ""其他"", ""aspect"": ""整体体验"", ""polarity"": ""中性"", ""intensity"": ""3"", ""specific_emotion"": ""中性"", ""csi_score"": ""50""}]",0,未知
weibo,weibo_15_1776504015,奇妙漂流瓶｜看过玲娜贝儿这套造型的请举手！  2021.10 玲娜贝儿第一次换上新衣服。行着骑士礼的小狐狸，从此就这么闯进了你心里！  📷【奇妙漂流瓶】活动进行中，现邀你前往小红书，带上双话题#加你更奇妙##奇妙漂流瓶# 把你与迪士尼朋友的珍贵回忆塞进漂流瓶，漂向远方分享给更多人~也期待你来乐园与身着全新庆典造型的大可爱们见面哦！  🙋成功发帖，有机会受邀参加10岁生日庆典特别活动，来乐园见证更多奇妙！,,,,2026-04-18 17:20:15,https://weibo.com/5200478600/Qwmna1hqZ,骑士宝宝，心暖暖的,拒绝夜宵版,积极,5,满意,其他,SnowNLP快速分析,95,0,否,积极,snownlp,"[{""category"": ""其他"", ""aspect"": ""整体体验"", ""polarity"": ""中性"", ""intensity"": ""3"", ""specific_emotion"": ""中性"", ""csi_score"": ""50""}]",0,未知
weibo,weibo_15_1776504015,奇妙漂流瓶｜看过玲娜贝儿这套造型的请举手！  2021.10 玲娜贝儿第一次换上新衣服。行着骑士礼的小狐狸，从此就这么闯进了你心里！  📷【奇妙漂流瓶】活动进行中，现邀你前往小红书，带上双话题#加你更奇妙##奇妙漂流瓶# 把你与迪士尼朋友的珍贵回忆塞进漂流瓶，漂向远方分享给更多人~也期待你来乐园与身着全新庆典造型的大可爱们见面哦！  🙋成功发帖，有机会受邀参加10岁生日庆典特别活动，来乐园见证更多奇妙！,,,,2026-04-18 17:20:15,https://weibo.com/5200478600/Qwmna1hqZ,初心狐,聪明的小乌龟22,积极,5,满意,其他,SnowNLP快速分析,89,0,否,积极,snownlp,"[{""category"": ""其他"", ""aspect"": ""整体体验"", ""polarity"": ""中性"", ""intensity"": ""3"", ""specific_emotion"": ""中性"", ""csi_score"": ""50""}]",0,未知
weibo,weibo_15_1776504015,奇妙漂流瓶｜看过玲娜贝儿这套造型的请举手！  2021.10 玲娜贝儿第一次换上新衣服。行着骑士礼的小狐狸，从此就这么闯进了你心里！  📷【奇妙漂流瓶】活动进行中，现邀你前往小红书，带上双话题#加你更奇妙##奇妙漂流瓶# 把你与迪士尼朋友的珍贵回忆塞进漂流瓶，漂向远方分享给更多人~也期待你来乐园与身着全新庆典造型的大可爱们见面哦！  🙋成功发帖，有机会受邀参加10岁生日庆典特别活动，来乐园见证更多奇妙！,,,,2026-04-18 17:20:15,https://weibo.com/5200478600/Qwmna1hqZ,小骑士，路过的蚂蚁都要为这套停留两秒，欣赏一番的程度！,MenthaCloud,积极,5,满意,其他,SnowNLP快速分析,79,0,否,积极,snownlp,"[{""category"": ""其他"", ""aspect"": ""整体体验"", ""polarity"": ""中性"", ""intensity"": ""3"", ""specific_emotion"": ""中性"", ""csi_score"": ""50""}]",0,未知
weibo,weibo_15_1776504015,奇妙漂流瓶｜看过玲娜贝儿这套造型的请举手！  2021.10 玲娜贝儿第一次换上新衣服。行着骑士礼的小狐狸，从此就这么闯进了你心里！  📷【奇妙漂流瓶】活动进行中，现邀你前往小红书，带上双话题#加你更奇妙##奇妙漂流瓶# 把你与迪士尼朋友的珍贵回忆塞进漂流瓶，漂向远方分享给更多人~也期待你来乐园与身着全新庆典造型的大可爱们见面哦！  🙋成功发帖，有机会受邀参加10岁生日庆典特别活动，来乐园见证更多奇妙！,,,,2026-04-18 17:20:15,https://weibo.com/5200478600/Qwmna1hqZ,我是一颗小羊崽 :,我是一颗小羊崽,中性,3,中性,其他,SnowNLP快速分析,50,0,否,中性,snownlp,"[{""category"": ""其他"", ""aspect"": ""整体体验"", ""polarity"": ""中性"", ""intensity"": ""3"", ""specific_emotion"": ""中性"", ""csi_score"": ""50""}]",0,未知
weibo,weibo_15_1776504015,奇妙漂流瓶｜看过玲娜贝儿这套造型的请举手！  2021.10 玲娜贝儿第一次换上新衣服。行着骑士礼的小狐狸，从此就这么闯进了你心里！  📷【奇妙漂流瓶】活动进行中，现邀你前往小红书，带上双话题#加你更奇妙##奇妙漂流瓶# 把你与迪士尼朋友的珍贵回忆塞进漂流瓶，漂向远方分享给更多人~也期待你来乐园与身着全新庆典造型的大可爱们见面哦！  🙋成功发帖，有机会受邀参加10岁生日庆典特别活动，来乐园见证更多奇妙！,,,,2026-04-18 17:20:15,https://weibo.com/5200478600/Qwmna1hqZ,拔剑四顾心茫然,龙舌岚,中性,3,中性,其他,SnowNLP快速分析,50,0,否,中性,snownlp,"[{""category"": ""其他"", ""aspect"": ""整体体验"", ""polarity"": ""中性"", ""intensity"": ""3"", ""specific_emotion"": ""中性"", ""csi_score"": ""50""}]",0,未知
weibo,weibo_15_1776504015,奇妙漂流瓶｜看过玲娜贝儿这套造型的请举手！  2021.10 玲娜贝儿第一次换上新衣服。行着骑士礼的小狐狸，从此就这么闯进了你心里！  📷【奇妙漂流瓶】活动进行中，现邀你前往小红书，带上双话题#加你更奇妙##奇妙漂流瓶# 把你与迪士尼朋友的珍贵回忆塞进漂流瓶，漂向远方分享给更多人~也期待你来乐园与身着全新庆典造型的大可爱们见面哦！  🙋成功发帖，有机会受邀参加10岁生日庆典特别活动，来乐园见证更多奇妙！,,,,2026-04-18 17:20:15,https://weibo.com/5200478600/Qwmna1hqZ,战歌起🎶,我以後不再去長洲,积极,4,满意,其他,SnowNLP快速分析,78,0,否,积极,snownlp,"[{""category"": ""其他"", ""aspect"": ""整体体验"", ""polarity"": ""中性"", ""intensity"": ""3"", ""specific_emotion"": ""中性"", ""csi_score"": ""50""}]",0,未知
weibo,weibo_15_1776504015,奇妙漂流瓶｜看过玲娜贝儿这套造型的请举手！  2021.10 玲娜贝儿第一次换上新衣服。行着骑士礼的小狐狸，从此就这么闯进了你心里！  📷【奇妙漂流瓶】活动进行中，现邀你前往小红书，带上双话题#加你更奇妙##奇妙漂流瓶# 把你与迪士尼朋友的珍贵回忆塞进漂流瓶，漂向远方分享给更多人~也期待你来乐园与身着全新庆典造型的大可爱们见面哦！  🙋成功发帖，有机会受邀参加10岁生日庆典特别活动，来乐园见证更多奇妙！,,,,2026-04-18 17:20:15,https://weibo.com/5200478600/Qwmna1hqZ,骑士服能不能回归一次,森蝶是Cindy呀呀呀,积极,3,满意,其他,SnowNLP快速分析,70,0,否,积极,snownlp,"[{""category"": ""其他"", ""aspect"": ""整体体验"", ""polarity"": ""中性"", ""intensity"": ""3"", ""specific_emotion"": ""中性"", ""csi_score"": ""50""}]",0,未知
weibo,weibo_15_1776504015,奇妙漂流瓶｜看过玲娜贝儿这套造型的请举手！  2021.10 玲娜贝儿第一次换上新衣服。行着骑士礼的小狐狸，从此就这么闯进了你心里！  📷【奇妙漂流瓶】活动进行中，现邀你前往小红书，带上双话题#加你更奇妙##奇妙漂流瓶# 把你与迪士尼朋友的珍贵回忆塞进漂流瓶，漂向远方分享给更多人~也期待你来乐园与身着全新庆典造型的大可爱们见面哦！  🙋成功发帖，有机会受邀参加10岁生日庆典特别活动，来乐园见证更多奇妙！,,,,2026-04-18 17:20:15,https://weibo.com/5200478600/Qwmna1hqZ,这套造型是我的白月光,可爱迷了露_Luna,积极,5,满意,其他,SnowNLP快速分析,93,0,否,积极,snownlp,"[{""category"": ""其他"", ""aspect"": ""整体体验"", ""polarity"": ""中性"", ""intensity"": ""3"", ""specific_emotion"": ""中性"", ""csi_score"": ""50""}]",0,未知
weibo,weibo_15_1776504015,奇妙漂流瓶｜看过玲娜贝儿这套造型的请举手！  2021.10 玲娜贝儿第一次换上新衣服。行着骑士礼的小狐狸，从此就这么闯进了你心里！  📷【奇妙漂流瓶】活动进行中，现邀你前往小红书，带上双话题#加你更奇妙##奇妙漂流瓶# 把你与迪士尼朋友的珍贵回忆塞进漂流瓶，漂向远方分享给更多人~也期待你来乐园与身着全新庆典造型的大可爱们见面哦！  🙋成功发帖，有机会受邀参加10岁生日庆典特别活动，来乐园见证更多奇妙！,,,,2026-04-18 17:20:15,https://weibo.com/5200478600/Qwmna1hqZ,劉宇寧肩上的LinaBell--Surine :,劉宇寧肩上的LinaBell--Surine,消极,5,失望,其他,SnowNLP快速分析,4,10,是,消极,snownlp,"[{""category"": ""其他"", ""aspect"": ""整体体验"", ""polarity"": ""中性"", ""intensity"": ""3"", ""specific_emotion"": ""中性"", ""csi_score"": ""50""}]",10,未知
weibo,weibo_15_1776504015,奇妙漂流瓶｜看过玲娜贝儿这套造型的请举手！  2021.10 玲娜贝儿第一次换上新衣服。行着骑士礼的小狐狸，从此就这么闯进了你心里！  📷【奇妙漂流瓶】活动进行中，现邀你前往小红书，带上双话题#加你更奇妙##奇妙漂流瓶# 把你与迪士尼朋友的珍贵回忆塞进漂流瓶，漂向远方分享给更多人~也期待你来乐园与身着全新庆典造型的大可爱们见面哦！  🙋成功发帖，有机会受邀参加10岁生日庆典特别活动，来乐园见证更多奇妙！,,,,2026-04-18 17:20:15,https://weibo.com/5200478600/Qwmna1hqZ,奇妙冒险,38aring38aring38curren53806,积极,5,满意,其他,SnowNLP快速分析,92,0,否,积极,snownlp,"[{""category"": ""其他"", ""aspect"": ""整体体验"", ""polarity"": ""中性"", ""intensity"": ""3"", ""specific_emotion"": ""中性"", ""csi_score"": ""50""}]",0,未知
weibo,weibo_15_1776504015,奇妙漂流瓶｜看过玲娜贝儿这套造型的请举手！  2021.10 玲娜贝儿第一次换上新衣服。行着骑士礼的小狐狸，从此就这么闯进了你心里！  📷【奇妙漂流瓶】活动进行中，现邀你前往小红书，带上双话题#加你更奇妙##奇妙漂流瓶# 把你与迪士尼朋友的珍贵回忆塞进漂流瓶，漂向远方分享给更多人~也期待你来乐园与身着全新庆典造型的大可爱们见面哦！  🙋成功发帖，有机会受邀参加10岁生日庆典特别活动，来乐园见证更多奇妙！,,,,2026-04-18 17:20:15,https://weibo.com/5200478600/Qwmna1hqZ,好想看小骑士狐狸宝宝啊,2myblacksmile敏后会有期,积极,3,满意,其他,SnowNLP快速分析,68,0,否,积极,snownlp,"[{""category"": ""其他"", ""aspect"": ""整体体验"", ""polarity"": ""积极"", ""intensity"": ""5"", ""specific_emotion"": ""满意"", ""csi_score"": ""75""}]",0,未知
weibo,weibo_15_1776504015,奇妙漂流瓶｜看过玲娜贝儿这套造型的请举手！  2021.10 玲娜贝儿第一次换上新衣服。行着骑士礼的小狐狸，从此就这么闯进了你心里！  📷【奇妙漂流瓶】活动进行中，现邀你前往小红书，带上双话题#加你更奇妙##奇妙漂流瓶# 把你与迪士尼朋友的珍贵回忆塞进漂流瓶，漂向远方分享给更多人~也期待你来乐园与身着全新庆典造型的大可爱们见面哦！  🙋成功发帖，有机会受邀参加10岁生日庆典特别活动，来乐园见证更多奇妙！,,,,2026-04-18 17:20:15,https://weibo.com/5200478600/Qwmna1hqZ,返场～～～勇敢骑士贝贝,3417win,积极,5,满意,其他,SnowNLP快速分析,95,0,否,积极,snownlp,"[{""category"": ""其他"", ""aspect"": ""整体体验"", ""polarity"": ""中性"", ""intensity"": ""3"", ""specific_emotion"": ""中性"", ""csi_score"": ""50""}]",0,未知
weibo,weibo_16_1776504040,上海迪士尼度假区迎来10岁生日庆典啦! 作为奇妙星伙伴，天猫让每一次加购都更加奇妙！ 从天猫奇喵营到天猫超级品牌日发布庆典，你的童话心愿都能在天猫实现。当梦想的礼物捧在手里，快乐只需一键下单就可以直达手心。 天猫 祝 @上海迪士尼度假区 10岁生日快乐！ 你创造快乐，我让快乐触手可得！加你“购”奇妙！ 🎁关注@天猫 + @上海迪士尼度假区 + 转发评论本条微博，晒出你最爱的一笔订单并分享其中的故事，抽【5】位幸运小伙伴送【上海迪士尼度假区单日门票一张】！奇妙的好物又增加了！#上海迪士尼10岁生日##加你更奇妙##加你“购”奇妙# 天猫的微博视频,,,,2026-04-18 17:20:40,https://weibo.com/1768198384/QwlM2cCwz,来啦,神之祝福笑嘻嘻_789,中性,3,中性,其他,SnowNLP快速分析,50,0,否,中性,snownlp,"[{""category"": ""其他"", ""aspect"": ""整体体验"", ""polarity"": ""中性"", ""intensity"": ""3"", ""specific_emotion"": ""中性"", ""csi_score"": ""50""}]",0,未知
weibo,weibo_16_1776504040,上海迪士尼度假区迎来10岁生日庆典啦! 作为奇妙星伙伴，天猫让每一次加购都更加奇妙！ 从天猫奇喵营到天猫超级品牌日发布庆典，你的童话心愿都能在天猫实现。当梦想的礼物捧在手里，快乐只需一键下单就可以直达手心。 天猫 祝 @上海迪士尼度假区 10岁生日快乐！ 你创造快乐，我让快乐触手可得！加你“购”奇妙！ 🎁关注@天猫 + @上海迪士尼度假区 + 转发评论本条微博，晒出你最爱的一笔订单并分享其中的故事，抽【5】位幸运小伙伴送【上海迪士尼度假区单日门票一张】！奇妙的好物又增加了！#上海迪士尼10岁生日##加你更奇妙##加你“购”奇妙# 天猫的微博视频,,,,2026-04-18 17:20:40,https://weibo.com/1768198384/QwlM2cCwz,抽我抽我,11小邪00_5sa_524,消极,5,失望,其他,SnowNLP快速分析,14,7,是,消极,snownlp,"[{""category"": ""其他"", ""aspect"": ""整体体验"", ""polarity"": ""中性"", ""intensity"": ""3"", ""specific_emotion"": ""中性"", ""csi_score"": ""50""}]",7,未知
weibo,weibo_16_1776504040,上海迪士尼度假区迎来10岁生日庆典啦! 作为奇妙星伙伴，天猫让每一次加购都更加奇妙！ 从天猫奇喵营到天猫超级品牌日发布庆典，你的童话心愿都能在天猫实现。当梦想的礼物捧在手里，快乐只需一键下单就可以直达手心。 天猫 祝 @上海迪士尼度假区 10岁生日快乐！ 你创造快乐，我让快乐触手可得！加你“购”奇妙！ 🎁关注@天猫 + @上海迪士尼度假区 + 转发评论本条微博，晒出你最爱的一笔订单并分享其中的故事，抽【5】位幸运小伙伴送【上海迪士尼度假区单日门票一张】！奇妙的好物又增加了！#上海迪士尼10岁生日##加你更奇妙##加你“购”奇妙# 天猫的微博视频,,,,2026-04-18 17:20:40,https://weibo.com/1768198384/QwlM2cCwz,Repost,hcdd000,中性,3,中性,其他,SnowNLP快速分析,50,0,否,中性,snownlp,"[{""category"": ""其他"", ""aspect"": ""整体体验"", ""polarity"": ""中性"", ""intensity"": ""3"", ""specific_emotion"": ""中性"", ""csi_score"": ""50""}]",0,未知
weibo,weibo_16_1776504040,上海迪士尼度假区迎来10岁生日庆典啦! 作为奇妙星伙伴，天猫让每一次加购都更加奇妙！ 从天猫奇喵营到天猫超级品牌日发布庆典，你的童话心愿都能在天猫实现。当梦想的礼物捧在手里，快乐只需一键下单就可以直达手心。 天猫 祝 @上海迪士尼度假区 10岁生日快乐！ 你创造快乐，我让快乐触手可得！加你“购”奇妙！ 🎁关注@天猫 + @上海迪士尼度假区 + 转发评论本条微博，晒出你最爱的一笔订单并分享其中的故事，抽【5】位幸运小伙伴送【上海迪士尼度假区单日门票一张】！奇妙的好物又增加了！#上海迪士尼10岁生日##加你更奇妙##加你“购”奇妙# 天猫的微博视频,,,,2026-04-18 17:20:40,https://weibo.com/1768198384/QwlM2cCwz,万一,点击百度快照777,中性,3,中性,其他,SnowNLP快速分析,50,0,否,中性,snownlp,"[{""category"": ""其他"", ""aspect"": ""整体体验"", ""polarity"": ""中性"", ""intensity"": ""3"", ""specific_emotion"": ""中性"", ""csi_score"": ""50""}]",0,未知
weibo,weibo_16_1776504040,上海迪士尼度假区迎来10岁生日庆典啦! 作为奇妙星伙伴，天猫让每一次加购都更加奇妙！ 从天猫奇喵营到天猫超级品牌日发布庆典，你的童话心愿都能在天猫实现。当梦想的礼物捧在手里，快乐只需一键下单就可以直达手心。 天猫 祝 @上海迪士尼度假区 10岁生日快乐！ 你创造快乐，我让快乐触手可得！加你“购”奇妙！ 🎁关注@天猫 + @上海迪士尼度假区 + 转发评论本条微博，晒出你最爱的一笔订单并分享其中的故事，抽【5】位幸运小伙伴送【上海迪士尼度假区单日门票一张】！奇妙的好物又增加了！#上海迪士尼10岁生日##加你更奇妙##加你“购”奇妙# 天猫的微博视频,,,,2026-04-18 17:20:40,https://weibo.com/1768198384/QwlM2cCwz,必中呀💖,相信战胜死亡的年轻86,积极,5,满意,其他,SnowNLP快速分析,82,0,否,积极,snownlp,"[{""category"": ""其他"", ""aspect"": ""整体体验"", ""polarity"": ""中性"", ""intensity"": ""3"", ""specific_emotion"": ""中性"", ""csi_score"": ""50""}]",0,未知
weibo,weibo_16_1776504040,上海迪士尼度假区迎来10岁生日庆典啦! 作为奇妙星伙伴，天猫让每一次加购都更加奇妙！ 从天猫奇喵营到天猫超级品牌日发布庆典，你的童话心愿都能在天猫实现。当梦想的礼物捧在手里，快乐只需一键下单就可以直达手心。 天猫 祝 @上海迪士尼度假区 10岁生日快乐！ 你创造快乐，我让快乐触手可得！加你“购”奇妙！ 🎁关注@天猫 + @上海迪士尼度假区 + 转发评论本条微博，晒出你最爱的一笔订单并分享其中的故事，抽【5】位幸运小伙伴送【上海迪士尼度假区单日门票一张】！奇妙的好物又增加了！#上海迪士尼10岁生日##加你更奇妙##加你“购”奇妙# 天猫的微博视频,,,,2026-04-18 17:20:40,https://weibo.com/1768198384/QwlM2cCwz,有没有好运气啊,中国绝美家族,消极,3,失望,其他,SnowNLP快速分析,34,2,是,消极,snownlp,"[{""category"": ""其他"", ""aspect"": ""整体体验"", ""polarity"": ""消极"", ""intensity"": ""5"", ""specific_emotion"": ""失望"", ""csi_score"": ""25""}]",2,未知
weibo,weibo_16_1776504040,上海迪士尼度假区迎来10岁生日庆典啦! 作为奇妙星伙伴，天猫让每一次加购都更加奇妙！ 从天猫奇喵营到天猫超级品牌日发布庆典，你的童话心愿都能在天猫实现。当梦想的礼物捧在手里，快乐只需一键下单就可以直达手心。 天猫 祝 @上海迪士尼度假区 10岁生日快乐！ 你创造快乐，我让快乐触手可得！加你“购”奇妙！ 🎁关注@天猫 + @上海迪士尼度假区 + 转发评论本条微博，晒出你最爱的一笔订单并分享其中的故事，抽【5】位幸运小伙伴送【上海迪士尼度假区单日门票一张】！奇妙的好物又增加了！#上海迪士尼10岁生日##加你更奇妙##加你“购”奇妙# 天猫的微博视频,,,,2026-04-18 17:20:40,https://weibo.com/1768198384/QwlM2cCwz,📎,离忧的Tom,中性,3,中性,其他,SnowNLP快速分析,50,0,否,中性,snownlp,"[{""category"": ""其他"", ""aspect"": ""整体体验"", ""polarity"": ""中性"", ""intensity"": ""3"", ""specific_emotion"": ""中性"", ""csi_score"": ""50""}]",0,未知
weibo,weibo_16_1776504040,上海迪士尼度假区迎来10岁生日庆典啦! 作为奇妙星伙伴，天猫让每一次加购都更加奇妙！ 从天猫奇喵营到天猫超级品牌日发布庆典，你的童话心愿都能在天猫实现。当梦想的礼物捧在手里，快乐只需一键下单就可以直达手心。 天猫 祝 @上海迪士尼度假区 10岁生日快乐！ 你创造快乐，我让快乐触手可得！加你“购”奇妙！ 🎁关注@天猫 + @上海迪士尼度假区 + 转发评论本条微博，晒出你最爱的一笔订单并分享其中的故事，抽【5】位幸运小伙伴送【上海迪士尼度假区单日门票一张】！奇妙的好物又增加了！#上海迪士尼10岁生日##加你更奇妙##加你“购”奇妙# 天猫的微博视频,,,,2026-04-18 17:20:40,https://weibo.com/1768198384/QwlM2cCwz,谢谢，谢谢,ame在行动_543,积极,3,满意,其他,SnowNLP快速分析,66,0,否,积极,snownlp,"[{""category"": ""其他"", ""aspect"": ""整体体验"", ""polarity"": ""中性"", ""intensity"": ""3"", ""specific_emotion"": ""中性"", ""csi_score"": ""50""}]",0,未知
weibo,weibo_16_1776504040,上海迪士尼度假区迎来10岁生日庆典啦! 作为奇妙星伙伴，天猫让每一次加购都更加奇妙！ 从天猫奇喵营到天猫超级品牌日发布庆典，你的童话心愿都能在天猫实现。当梦想的礼物捧在手里，快乐只需一键下单就可以直达手心。 天猫 祝 @上海迪士尼度假区 10岁生日快乐！ 你创造快乐，我让快乐触手可得！加你“购”奇妙！ 🎁关注@天猫 + @上海迪士尼度假区 + 转发评论本条微博，晒出你最爱的一笔订单并分享其中的故事，抽【5】位幸运小伙伴送【上海迪士尼度假区单日门票一张】！奇妙的好物又增加了！#上海迪士尼10岁生日##加你更奇妙##加你“购”奇妙# 天猫的微博视频,,,,2026-04-18 17:20:40,https://weibo.com/1768198384/QwlM2cCwz,来了,幸运的齐鲁,中性,3,中性,其他,SnowNLP快速分析,50,0,否,中性,snownlp,"[{""category"": ""其他"", ""aspect"": ""整体体验"", ""polarity"": ""中性"", ""intensity"": ""3"", ""specific_emotion"": ""中性"", ""csi_score"": ""50""}]",0,未知
weibo,weibo_16_1776504040,上海迪士尼度假区迎来10岁生日庆典啦! 作为奇妙星伙伴，天猫让每一次加购都更加奇妙！ 从天猫奇喵营到天猫超级品牌日发布庆典，你的童话心愿都能在天猫实现。当梦想的礼物捧在手里，快乐只需一键下单就可以直达手心。 天猫 祝 @上海迪士尼度假区 10岁生日快乐！ 你创造快乐，我让快乐触手可得！加你“购”奇妙！ 🎁关注@天猫 + @上海迪士尼度假区 + 转发评论本条微博，晒出你最爱的一笔订单并分享其中的故事，抽【5】位幸运小伙伴送【上海迪士尼度假区单日门票一张】！奇妙的好物又增加了！#上海迪士尼10岁生日##加你更奇妙##加你“购”奇妙# 天猫的微博视频,,,,2026-04-18 17:20:40,https://weibo.com/1768198384/QwlM2cCwz,快抓住末班车,赵本俐_539,积极,5,满意,其他,SnowNLP快速分析,89,0,否,积极,snownlp,"[{""category"": ""其他"", ""aspect"": ""整体体验"", ""polarity"": ""中性"", ""intensity"": ""3"", ""specific_emotion"": ""中性"", ""csi_score"": ""50""}]",0,未知
weibo,weibo_17_1776504089,✨10岁生日庆典装扮一新，共赴奇妙欢庆  10岁生日欢庆即将开启！一大波限定萌物来啦，为你打造充满庆典氛围的OOTD，每一套都出片，纪念意义满满！ 🪄「10岁生日庆典奇妙同庆系列」摇摇棒，选择你爱的角色款式，去见你爱的迪士尼朋友吧！摇一摇发出可爱音效，还可以在花车巡游时快乐打Call~ ✨还有10岁生日庆典米奇和朋友们系列、达菲和朋友们系列，把奇妙穿上身，变身庆典主角，轻松拍大片~  「10岁生日庆典米奇和朋友们系列」将于3月20日起在迪士尼世界商店、迪士尼乐享家、M大街购物廊、米奇米妮同心铺、奇奇蒂蒂淘淘铺售卖。「10岁生日庆典达菲和朋友们系列」部分商品将于3月20日起通过“特选商品园内购买名额抽签”的方式发售。同时，部分商品也将在甜心糖果售卖。「10岁生日庆典奇妙同庆系列」将于3月20日起在迪士尼世界商店、迪士尼乐享家、M大街购物廊、米奇米妮同心铺、奇奇蒂蒂淘淘铺、森林百物、露露精品店售卖。以上系列中的部分商品也将于“上海迪士尼乐园官方🚩”同步售卖。 *具体情况以门店实际售卖情况为准。   #上海迪士尼10岁生日#   #加你更奇妙#,,,,2026-04-18 17:21:29,https://weibo.com/5200478600/QwkizBlSt,贵死了,su11er,消极,3,失望,其他,SnowNLP快速分析,28,3,是,消极,snownlp,"[{""category"": ""其他"", ""aspect"": ""整体体验"", ""polarity"": ""消极"", ""intensity"": ""5"", ""specific_emotion"": ""失望"", ""csi_score"": ""25""}]",3,未知
weibo,weibo_17_1776504089,✨10岁生日庆典装扮一新，共赴奇妙欢庆  10岁生日欢庆即将开启！一大波限定萌物来啦，为你打造充满庆典氛围的OOTD，每一套都出片，纪念意义满满！ 🪄「10岁生日庆典奇妙同庆系列」摇摇棒，选择你爱的角色款式，去见你爱的迪士尼朋友吧！摇一摇发出可爱音效，还可以在花车巡游时快乐打Call~ ✨还有10岁生日庆典米奇和朋友们系列、达菲和朋友们系列，把奇妙穿上身，变身庆典主角，轻松拍大片~  「10岁生日庆典米奇和朋友们系列」将于3月20日起在迪士尼世界商店、迪士尼乐享家、M大街购物廊、米奇米妮同心铺、奇奇蒂蒂淘淘铺售卖。「10岁生日庆典达菲和朋友们系列」部分商品将于3月20日起通过“特选商品园内购买名额抽签”的方式发售。同时，部分商品也将在甜心糖果售卖。「10岁生日庆典奇妙同庆系列」将于3月20日起在迪士尼世界商店、迪士尼乐享家、M大街购物廊、米奇米妮同心铺、奇奇蒂蒂淘淘铺、森林百物、露露精品店售卖。以上系列中的部分商品也将于“上海迪士尼乐园官方🚩”同步售卖。 *具体情况以门店实际售卖情况为准。   #上海迪士尼10岁生日#   #加你更奇妙#,,,,2026-04-18 17:21:29,https://weibo.com/5200478600/QwkizBlSt,应援棒单卖不,饼宝王子,消极,5,失望,其他,SnowNLP快速分析,12,8,是,消极,snownlp,"[{""category"": ""其他"", ""aspect"": ""整体体验"", ""polarity"": ""消极"", ""intensity"": ""5"", ""specific_emotion"": ""失望"", ""csi_score"": ""25""}]",8,未知
weibo,weibo_17_1776504089,✨10岁生日庆典装扮一新，共赴奇妙欢庆  10岁生日欢庆即将开启！一大波限定萌物来啦，为你打造充满庆典氛围的OOTD，每一套都出片，纪念意义满满！ 🪄「10岁生日庆典奇妙同庆系列」摇摇棒，选择你爱的角色款式，去见你爱的迪士尼朋友吧！摇一摇发出可爱音效，还可以在花车巡游时快乐打Call~ ✨还有10岁生日庆典米奇和朋友们系列、达菲和朋友们系列，把奇妙穿上身，变身庆典主角，轻松拍大片~  「10岁生日庆典米奇和朋友们系列」将于3月20日起在迪士尼世界商店、迪士尼乐享家、M大街购物廊、米奇米妮同心铺、奇奇蒂蒂淘淘铺售卖。「10岁生日庆典达菲和朋友们系列」部分商品将于3月20日起通过“特选商品园内购买名额抽签”的方式发售。同时，部分商品也将在甜心糖果售卖。「10岁生日庆典奇妙同庆系列」将于3月20日起在迪士尼世界商店、迪士尼乐享家、M大街购物廊、米奇米妮同心铺、奇奇蒂蒂淘淘铺、森林百物、露露精品店售卖。以上系列中的部分商品也将于“上海迪士尼乐园官方🚩”同步售卖。 *具体情况以门店实际售卖情况为准。   #上海迪士尼10岁生日#   #加你更奇妙#,,,,2026-04-18 17:21:29,https://weibo.com/5200478600/QwkizBlSt,摇摇棒和花束我是真想要,咩咩咪吖_,积极,5,满意,其他,SnowNLP快速分析,94,0,否,积极,snownlp,"[{""category"": ""其他"", ""aspect"": ""整体体验"", ""polarity"": ""积极"", ""intensity"": ""5"", ""specific_emotion"": ""满意"", ""csi_score"": ""75""}]",0,未知
weibo,weibo_17_1776504089,✨10岁生日庆典装扮一新，共赴奇妙欢庆  10岁生日欢庆即将开启！一大波限定萌物来啦，为你打造充满庆典氛围的OOTD，每一套都出片，纪念意义满满！ 🪄「10岁生日庆典奇妙同庆系列」摇摇棒，选择你爱的角色款式，去见你爱的迪士尼朋友吧！摇一摇发出可爱音效，还可以在花车巡游时快乐打Call~ ✨还有10岁生日庆典米奇和朋友们系列、达菲和朋友们系列，把奇妙穿上身，变身庆典主角，轻松拍大片~  「10岁生日庆典米奇和朋友们系列」将于3月20日起在迪士尼世界商店、迪士尼乐享家、M大街购物廊、米奇米妮同心铺、奇奇蒂蒂淘淘铺售卖。「10岁生日庆典达菲和朋友们系列」部分商品将于3月20日起通过“特选商品园内购买名额抽签”的方式发售。同时，部分商品也将在甜心糖果售卖。「10岁生日庆典奇妙同庆系列」将于3月20日起在迪士尼世界商店、迪士尼乐享家、M大街购物廊、米奇米妮同心铺、奇奇蒂蒂淘淘铺、森林百物、露露精品店售卖。以上系列中的部分商品也将于“上海迪士尼乐园官方🚩”同步售卖。 *具体情况以门店实际售卖情况为准。   #上海迪士尼10岁生日#   #加你更奇妙#,,,,2026-04-18 17:21:29,https://weibo.com/5200478600/QwkizBlSt,好看好看,要去上迪抱宝贝们的晁晁,积极,5,满意,其他,SnowNLP快速分析,84,0,否,积极,snownlp,"[{""category"": ""其他"", ""aspect"": ""整体体验"", ""polarity"": ""积极"", ""intensity"": ""5"", ""specific_emotion"": ""满意"", ""csi_score"": ""75""}]",0,未知
weibo,weibo_17_1776504089,✨10岁生日庆典装扮一新，共赴奇妙欢庆  10岁生日欢庆即将开启！一大波限定萌物来啦，为你打造充满庆典氛围的OOTD，每一套都出片，纪念意义满满！ 🪄「10岁生日庆典奇妙同庆系列」摇摇棒，选择你爱的角色款式，去见你爱的迪士尼朋友吧！摇一摇发出可爱音效，还可以在花车巡游时快乐打Call~ ✨还有10岁生日庆典米奇和朋友们系列、达菲和朋友们系列，把奇妙穿上身，变身庆典主角，轻松拍大片~  「10岁生日庆典米奇和朋友们系列」将于3月20日起在迪士尼世界商店、迪士尼乐享家、M大街购物廊、米奇米妮同心铺、奇奇蒂蒂淘淘铺售卖。「10岁生日庆典达菲和朋友们系列」部分商品将于3月20日起通过“特选商品园内购买名额抽签”的方式发售。同时，部分商品也将在甜心糖果售卖。「10岁生日庆典奇妙同庆系列」将于3月20日起在迪士尼世界商店、迪士尼乐享家、M大街购物廊、米奇米妮同心铺、奇奇蒂蒂淘淘铺、森林百物、露露精品店售卖。以上系列中的部分商品也将于“上海迪士尼乐园官方🚩”同步售卖。 *具体情况以门店实际售卖情况为准。   #上海迪士尼10岁生日#   #加你更奇妙#,,,,2026-04-18 17:21:29,https://weibo.com/5200478600/QwkizBlSt,老大会不会藏在玲娜贝儿里面,Junjun摩羯0109,消极,4,失望,其他,SnowNLP快速分析,27,4,是,消极,snownlp,"[{""category"": ""其他"", ""aspect"": ""整体体验"", ""polarity"": ""中性"", ""intensity"": ""3"", ""specific_emotion"": ""中性"", ""csi_score"": ""50""}]",4,未知
weibo,weibo_17_1776504089,✨10岁生日庆典装扮一新，共赴奇妙欢庆  10岁生日欢庆即将开启！一大波限定萌物来啦，为你打造充满庆典氛围的OOTD，每一套都出片，纪念意义满满！ 🪄「10岁生日庆典奇妙同庆系列」摇摇棒，选择你爱的角色款式，去见你爱的迪士尼朋友吧！摇一摇发出可爱音效，还可以在花车巡游时快乐打Call~ ✨还有10岁生日庆典米奇和朋友们系列、达菲和朋友们系列，把奇妙穿上身，变身庆典主角，轻松拍大片~  「10岁生日庆典米奇和朋友们系列」将于3月20日起在迪士尼世界商店、迪士尼乐享家、M大街购物廊、米奇米妮同心铺、奇奇蒂蒂淘淘铺售卖。「10岁生日庆典达菲和朋友们系列」部分商品将于3月20日起通过“特选商品园内购买名额抽签”的方式发售。同时，部分商品也将在甜心糖果售卖。「10岁生日庆典奇妙同庆系列」将于3月20日起在迪士尼世界商店、迪士尼乐享家、M大街购物廊、米奇米妮同心铺、奇奇蒂蒂淘淘铺、森林百物、露露精品店售卖。以上系列中的部分商品也将于“上海迪士尼乐园官方🚩”同步售卖。 *具体情况以门店实际售卖情况为准。   #上海迪士尼10岁生日#   #加你更奇妙#,,,,2026-04-18 17:21:29,https://weibo.com/5200478600/QwkizBlSt,七宝春日人偶服装互动速度安排 不可以取消春日人偶服互动！！！,沚上清风月影,消极,4,失望,其他,SnowNLP快速分析,26,4,是,消极,snownlp,"[{""category"": ""其他"", ""aspect"": ""整体体验"", ""polarity"": ""中性"", ""intensity"": ""3"", ""specific_emotion"": ""中性"", ""csi_score"": ""50""}]",4,未知
weibo,weibo_17_1776504089,✨10岁生日庆典装扮一新，共赴奇妙欢庆  10岁生日欢庆即将开启！一大波限定萌物来啦，为你打造充满庆典氛围的OOTD，每一套都出片，纪念意义满满！ 🪄「10岁生日庆典奇妙同庆系列」摇摇棒，选择你爱的角色款式，去见你爱的迪士尼朋友吧！摇一摇发出可爱音效，还可以在花车巡游时快乐打Call~ ✨还有10岁生日庆典米奇和朋友们系列、达菲和朋友们系列，把奇妙穿上身，变身庆典主角，轻松拍大片~  「10岁生日庆典米奇和朋友们系列」将于3月20日起在迪士尼世界商店、迪士尼乐享家、M大街购物廊、米奇米妮同心铺、奇奇蒂蒂淘淘铺售卖。「10岁生日庆典达菲和朋友们系列」部分商品将于3月20日起通过“特选商品园内购买名额抽签”的方式发售。同时，部分商品也将在甜心糖果售卖。「10岁生日庆典奇妙同庆系列」将于3月20日起在迪士尼世界商店、迪士尼乐享家、M大街购物廊、米奇米妮同心铺、奇奇蒂蒂淘淘铺、森林百物、露露精品店售卖。以上系列中的部分商品也将于“上海迪士尼乐园官方🚩”同步售卖。 *具体情况以门店实际售卖情况为准。   #上海迪士尼10岁生日#   #加你更奇妙#,,,,2026-04-18 17:21:29,https://weibo.com/5200478600/QwkizBlSt,lovely_小魔囡囡 :,lovely_小魔囡囡,积极,5,满意,其他,SnowNLP快速分析,92,0,否,积极,snownlp,"[{""category"": ""其他"", ""aspect"": ""整体体验"", ""polarity"": ""中性"", ""intensity"": ""3"", ""specific_emotion"": ""中性"", ""csi_score"": ""50""}]",0,未知
weibo,weibo_17_1776504089,✨10岁生日庆典装扮一新，共赴奇妙欢庆  10岁生日欢庆即将开启！一大波限定萌物来啦，为你打造充满庆典氛围的OOTD，每一套都出片，纪念意义满满！ 🪄「10岁生日庆典奇妙同庆系列」摇摇棒，选择你爱的角色款式，去见你爱的迪士尼朋友吧！摇一摇发出可爱音效，还可以在花车巡游时快乐打Call~ ✨还有10岁生日庆典米奇和朋友们系列、达菲和朋友们系列，把奇妙穿上身，变身庆典主角，轻松拍大片~  「10岁生日庆典米奇和朋友们系列」将于3月20日起在迪士尼世界商店、迪士尼乐享家、M大街购物廊、米奇米妮同心铺、奇奇蒂蒂淘淘铺售卖。「10岁生日庆典达菲和朋友们系列」部分商品将于3月20日起通过“特选商品园内购买名额抽签”的方式发售。同时，部分商品也将在甜心糖果售卖。「10岁生日庆典奇妙同庆系列」将于3月20日起在迪士尼世界商店、迪士尼乐享家、M大街购物廊、米奇米妮同心铺、奇奇蒂蒂淘淘铺、森林百物、露露精品店售卖。以上系列中的部分商品也将于“上海迪士尼乐园官方🚩”同步售卖。 *具体情况以门店实际售卖情况为准。   #上海迪士尼10岁生日#   #加你更奇妙#,,,,2026-04-18 17:21:29,https://weibo.com/5200478600/QwkizBlSt,爆米花会不会飞:,爆米花会不会飞,中性,3,中性,其他,SnowNLP快速分析,50,0,否,中性,snownlp,"[{""category"": ""其他"", ""aspect"": ""整体体验"", ""polarity"": ""中性"", ""intensity"": ""3"", ""specific_emotion"": ""中性"", ""csi_score"": ""50""}]",0,未知
weibo,weibo_17_1776504089,✨10岁生日庆典装扮一新，共赴奇妙欢庆  10岁生日欢庆即将开启！一大波限定萌物来啦，为你打造充满庆典氛围的OOTD，每一套都出片，纪念意义满满！ 🪄「10岁生日庆典奇妙同庆系列」摇摇棒，选择你爱的角色款式，去见你爱的迪士尼朋友吧！摇一摇发出可爱音效，还可以在花车巡游时快乐打Call~ ✨还有10岁生日庆典米奇和朋友们系列、达菲和朋友们系列，把奇妙穿上身，变身庆典主角，轻松拍大片~  「10岁生日庆典米奇和朋友们系列」将于3月20日起在迪士尼世界商店、迪士尼乐享家、M大街购物廊、米奇米妮同心铺、奇奇蒂蒂淘淘铺售卖。「10岁生日庆典达菲和朋友们系列」部分商品将于3月20日起通过“特选商品园内购买名额抽签”的方式发售。同时，部分商品也将在甜心糖果售卖。「10岁生日庆典奇妙同庆系列」将于3月20日起在迪士尼世界商店、迪士尼乐享家、M大街购物廊、米奇米妮同心铺、奇奇蒂蒂淘淘铺、森林百物、露露精品店售卖。以上系列中的部分商品也将于“上海迪士尼乐园官方🚩”同步售卖。 *具体情况以门店实际售卖情况为准。   #上海迪士尼10岁生日#   #加你更奇妙#,,,,2026-04-18 17:21:29,https://weibo.com/5200478600/QwkizBlSt,这个仙女棒，我想要！！！,ViviChan慧,积极,5,满意,其他,SnowNLP快速分析,81,0,否,积极,snownlp,"[{""category"": ""其他"", ""aspect"": ""整体体验"", ""polarity"": ""积极"", ""intensity"": ""5"", ""specific_emotion"": ""满意"", ""csi_score"": ""75""}]",0,未知
weibo,weibo_17_1776504089,✨10岁生日庆典装扮一新，共赴奇妙欢庆  10岁生日欢庆即将开启！一大波限定萌物来啦，为你打造充满庆典氛围的OOTD，每一套都出片，纪念意义满满！ 🪄「10岁生日庆典奇妙同庆系列」摇摇棒，选择你爱的角色款式，去见你爱的迪士尼朋友吧！摇一摇发出可爱音效，还可以在花车巡游时快乐打Call~ ✨还有10岁生日庆典米奇和朋友们系列、达菲和朋友们系列，把奇妙穿上身，变身庆典主角，轻松拍大片~  「10岁生日庆典米奇和朋友们系列」将于3月20日起在迪士尼世界商店、迪士尼乐享家、M大街购物廊、米奇米妮同心铺、奇奇蒂蒂淘淘铺售卖。「10岁生日庆典达菲和朋友们系列」部分商品将于3月20日起通过“特选商品园内购买名额抽签”的方式发售。同时，部分商品也将在甜心糖果售卖。「10岁生日庆典奇妙同庆系列」将于3月20日起在迪士尼世界商店、迪士尼乐享家、M大街购物廊、米奇米妮同心铺、奇奇蒂蒂淘淘铺、森林百物、露露精品店售卖。以上系列中的部分商品也将于“上海迪士尼乐园官方🚩”同步售卖。 *具体情况以门店实际售卖情况为准。   #上海迪士尼10岁生日#   #加你更奇妙#,,,,2026-04-18 17:21:29,https://weibo.com/5200478600/QwkizBlSt,20号雨琦真的会去么,琦妙季,积极,4,满意,其他,SnowNLP快速分析,77,0,否,积极,snownlp,"[{""category"": ""其他"", ""aspect"": ""整体体验"", ""polarity"": ""中性"", ""intensity"": ""3"", ""specific_emotion"": ""中性"", ""csi_score"": ""50""}]",0,未知
weibo,weibo_17_1776504089,✨10岁生日庆典装扮一新，共赴奇妙欢庆  10岁生日欢庆即将开启！一大波限定萌物来啦，为你打造充满庆典氛围的OOTD，每一套都出片，纪念意义满满！ 🪄「10岁生日庆典奇妙同庆系列」摇摇棒，选择你爱的角色款式，去见你爱的迪士尼朋友吧！摇一摇发出可爱音效，还可以在花车巡游时快乐打Call~ ✨还有10岁生日庆典米奇和朋友们系列、达菲和朋友们系列，把奇妙穿上身，变身庆典主角，轻松拍大片~  「10岁生日庆典米奇和朋友们系列」将于3月20日起在迪士尼世界商店、迪士尼乐享家、M大街购物廊、米奇米妮同心铺、奇奇蒂蒂淘淘铺售卖。「10岁生日庆典达菲和朋友们系列」部分商品将于3月20日起通过“特选商品园内购买名额抽签”的方式发售。同时，部分商品也将在甜心糖果售卖。「10岁生日庆典奇妙同庆系列」将于3月20日起在迪士尼世界商店、迪士尼乐享家、M大街购物廊、米奇米妮同心铺、奇奇蒂蒂淘淘铺、森林百物、露露精品店售卖。以上系列中的部分商品也将于“上海迪士尼乐园官方🚩”同步售卖。 *具体情况以门店实际售卖情况为准。   #上海迪士尼10岁生日#   #加你更奇妙#,,,,2026-04-18 17:21:29,https://weibo.com/5200478600/QwkizBlSt,西瓜你个哈密瓜呀 :,西瓜你个哈密瓜呀,消极,5,失望,其他,SnowNLP快速分析,2,10,是,消极,snownlp,"[{""category"": ""其他"", ""aspect"": ""整体体验"", ""polarity"": ""中性"", ""intensity"": ""3"", ""specific_emotion"": ""中性"", ""csi_score"": ""50""}]",10,未知
weibo,weibo_17_1776504089,✨10岁生日庆典装扮一新，共赴奇妙欢庆  10岁生日欢庆即将开启！一大波限定萌物来啦，为你打造充满庆典氛围的OOTD，每一套都出片，纪念意义满满！ 🪄「10岁生日庆典奇妙同庆系列」摇摇棒，选择你爱的角色款式，去见你爱的迪士尼朋友吧！摇一摇发出可爱音效，还可以在花车巡游时快乐打Call~ ✨还有10岁生日庆典米奇和朋友们系列、达菲和朋友们系列，把奇妙穿上身，变身庆典主角，轻松拍大片~  「10岁生日庆典米奇和朋友们系列」将于3月20日起在迪士尼世界商店、迪士尼乐享家、M大街购物廊、米奇米妮同心铺、奇奇蒂蒂淘淘铺售卖。「10岁生日庆典达菲和朋友们系列」部分商品将于3月20日起通过“特选商品园内购买名额抽签”的方式发售。同时，部分商品也将在甜心糖果售卖。「10岁生日庆典奇妙同庆系列」将于3月20日起在迪士尼世界商店、迪士尼乐享家、M大街购物廊、米奇米妮同心铺、奇奇蒂蒂淘淘铺、森林百物、露露精品店售卖。以上系列中的部分商品也将于“上海迪士尼乐园官方🚩”同步售卖。 *具体情况以门店实际售卖情况为准。   #上海迪士尼10岁生日#   #加你更奇妙#,,,,2026-04-18 17:21:29,https://weibo.com/5200478600/QwkizBlSt,好看,西瓜你个哈密瓜呀,积极,3,满意,其他,SnowNLP快速分析,71,0,否,积极,snownlp,"[{""category"": ""其他"", ""aspect"": ""整体体验"", ""polarity"": ""积极"", ""intensity"": ""5"", ""specific_emotion"": ""满意"", ""csi_score"": ""75""}]",0,未知
weibo,weibo_17_1776504089,✨10岁生日庆典装扮一新，共赴奇妙欢庆  10岁生日欢庆即将开启！一大波限定萌物来啦，为你打造充满庆典氛围的OOTD，每一套都出片，纪念意义满满！ 🪄「10岁生日庆典奇妙同庆系列」摇摇棒，选择你爱的角色款式，去见你爱的迪士尼朋友吧！摇一摇发出可爱音效，还可以在花车巡游时快乐打Call~ ✨还有10岁生日庆典米奇和朋友们系列、达菲和朋友们系列，把奇妙穿上身，变身庆典主角，轻松拍大片~  「10岁生日庆典米奇和朋友们系列」将于3月20日起在迪士尼世界商店、迪士尼乐享家、M大街购物廊、米奇米妮同心铺、奇奇蒂蒂淘淘铺售卖。「10岁生日庆典达菲和朋友们系列」部分商品将于3月20日起通过“特选商品园内购买名额抽签”的方式发售。同时，部分商品也将在甜心糖果售卖。「10岁生日庆典奇妙同庆系列」将于3月20日起在迪士尼世界商店、迪士尼乐享家、M大街购物廊、米奇米妮同心铺、奇奇蒂蒂淘淘铺、森林百物、露露精品店售卖。以上系列中的部分商品也将于“上海迪士尼乐园官方🚩”同步售卖。 *具体情况以门店实际售卖情况为准。   #上海迪士尼10岁生日#   #加你更奇妙#,,,,2026-04-18 17:21:29,https://weibo.com/5200478600/QwkizBlSt,好看,葡三斤,积极,3,满意,其他,SnowNLP快速分析,71,0,否,积极,snownlp,"[{""category"": ""其他"", ""aspect"": ""整体体验"", ""polarity"": ""积极"", ""intensity"": ""5"", ""specific_emotion"": ""满意"", ""csi_score"": ""75""}]",0,未知
weibo,weibo_18_1776504114,10岁生日庆典系列，限定单品重磅登场✨   伴随一颗许愿星划过深蓝的夜空，迪士尼朋友们以天际留下的闪烁光芒，共同绘制了10岁生日的特别装扮🎂 10岁生日庆典系列毛绒玩具和毛绒钥匙圈首发来袭，抢先一睹为快👀   ✨10岁生日庆典米奇和朋友们系列✨ 米奇和朋友们身着经典迪士尼蓝与庆典金服饰亮相10岁生日庆典，搭配融入盘扣、流苏、立领等中式元素，绣线在光下如星光闪烁，欢庆每一个奇妙瞬间💗  ✨ 10岁生日庆典达菲和朋友们系列✨ 达菲和朋友们换上了为庆典量身打造的梦幻装扮，细腻闪亮的面料仿佛许愿星洒落衣间，邀请你一起定格欢乐场景😆   更多惊喜，正在陆续解锁中！期待你来乐园，亲手把这份奇妙带回家💫  「 10岁生日庆典米奇和朋友们系列」将于3月20日起在迪士尼世界商店、迪士尼乐享家、M大街购物廊、米奇米妮同心铺、奇奇蒂蒂淘淘铺售卖。「 10岁生日庆典达菲和朋友们系列」部分商品将于3月20日起通过“特选商品园内购买名额抽签”的方式发售。同时，部分商品也将在甜心糖果售卖。以上系列中的部分商品也将于“上海迪士尼乐园官方🚩”同步售卖。 *具体情况以门店实际售卖情况为准。  #上海迪士尼10岁生日# #加你更奇妙#,,,,2026-04-18 17:21:54,https://weibo.com/5200478600/Qwkcui0og,Repost,好奇宝宝最爱的琪,中性,3,中性,其他,SnowNLP快速分析,50,0,否,中性,snownlp,"[{""category"": ""其他"", ""aspect"": ""整体体验"", ""polarity"": ""中性"", ""intensity"": ""3"", ""specific_emotion"": ""中性"", ""csi_score"": ""50""}]",0,未知
weibo,weibo_18_1776504114,10岁生日庆典系列，限定单品重磅登场✨   伴随一颗许愿星划过深蓝的夜空，迪士尼朋友们以天际留下的闪烁光芒，共同绘制了10岁生日的特别装扮🎂 10岁生日庆典系列毛绒玩具和毛绒钥匙圈首发来袭，抢先一睹为快👀   ✨10岁生日庆典米奇和朋友们系列✨ 米奇和朋友们身着经典迪士尼蓝与庆典金服饰亮相10岁生日庆典，搭配融入盘扣、流苏、立领等中式元素，绣线在光下如星光闪烁，欢庆每一个奇妙瞬间💗  ✨ 10岁生日庆典达菲和朋友们系列✨ 达菲和朋友们换上了为庆典量身打造的梦幻装扮，细腻闪亮的面料仿佛许愿星洒落衣间，邀请你一起定格欢乐场景😆   更多惊喜，正在陆续解锁中！期待你来乐园，亲手把这份奇妙带回家💫  「 10岁生日庆典米奇和朋友们系列」将于3月20日起在迪士尼世界商店、迪士尼乐享家、M大街购物廊、米奇米妮同心铺、奇奇蒂蒂淘淘铺售卖。「 10岁生日庆典达菲和朋友们系列」部分商品将于3月20日起通过“特选商品园内购买名额抽签”的方式发售。同时，部分商品也将在甜心糖果售卖。以上系列中的部分商品也将于“上海迪士尼乐园官方🚩”同步售卖。 *具体情况以门店实际售卖情况为准。  #上海迪士尼10岁生日# #加你更奇妙#,,,,2026-04-18 17:21:54,https://weibo.com/5200478600/Qwkcui0og,幼儿园下班啦 :,幼儿园下班啦,积极,5,满意,其他,SnowNLP快速分析,83,0,否,积极,snownlp,"[{""category"": ""其他"", ""aspect"": ""整体体验"", ""polarity"": ""中性"", ""intensity"": ""3"", ""specific_emotion"": ""中性"", ""csi_score"": ""50""}]",0,未知
weibo,weibo_18_1776504114,10岁生日庆典系列，限定单品重磅登场✨   伴随一颗许愿星划过深蓝的夜空，迪士尼朋友们以天际留下的闪烁光芒，共同绘制了10岁生日的特别装扮🎂 10岁生日庆典系列毛绒玩具和毛绒钥匙圈首发来袭，抢先一睹为快👀   ✨10岁生日庆典米奇和朋友们系列✨ 米奇和朋友们身着经典迪士尼蓝与庆典金服饰亮相10岁生日庆典，搭配融入盘扣、流苏、立领等中式元素，绣线在光下如星光闪烁，欢庆每一个奇妙瞬间💗  ✨ 10岁生日庆典达菲和朋友们系列✨ 达菲和朋友们换上了为庆典量身打造的梦幻装扮，细腻闪亮的面料仿佛许愿星洒落衣间，邀请你一起定格欢乐场景😆   更多惊喜，正在陆续解锁中！期待你来乐园，亲手把这份奇妙带回家💫  「 10岁生日庆典米奇和朋友们系列」将于3月20日起在迪士尼世界商店、迪士尼乐享家、M大街购物廊、米奇米妮同心铺、奇奇蒂蒂淘淘铺售卖。「 10岁生日庆典达菲和朋友们系列」部分商品将于3月20日起通过“特选商品园内购买名额抽签”的方式发售。同时，部分商品也将在甜心糖果售卖。以上系列中的部分商品也将于“上海迪士尼乐园官方🚩”同步售卖。 *具体情况以门店实际售卖情况为准。  #上海迪士尼10岁生日# #加你更奇妙#,,,,2026-04-18 17:21:54,https://weibo.com/5200478600/Qwkcui0og,买买买,福露贝-姐姐,中性,3,中性,其他,SnowNLP快速分析,50,0,否,中性,snownlp,"[{""category"": ""其他"", ""aspect"": ""整体体验"", ""polarity"": ""中性"", ""intensity"": ""3"", ""specific_emotion"": ""中性"", ""csi_score"": ""50""}]",0,未知
weibo,weibo_18_1776504114,10岁生日庆典系列，限定单品重磅登场✨   伴随一颗许愿星划过深蓝的夜空，迪士尼朋友们以天际留下的闪烁光芒，共同绘制了10岁生日的特别装扮🎂 10岁生日庆典系列毛绒玩具和毛绒钥匙圈首发来袭，抢先一睹为快👀   ✨10岁生日庆典米奇和朋友们系列✨ 米奇和朋友们身着经典迪士尼蓝与庆典金服饰亮相10岁生日庆典，搭配融入盘扣、流苏、立领等中式元素，绣线在光下如星光闪烁，欢庆每一个奇妙瞬间💗  ✨ 10岁生日庆典达菲和朋友们系列✨ 达菲和朋友们换上了为庆典量身打造的梦幻装扮，细腻闪亮的面料仿佛许愿星洒落衣间，邀请你一起定格欢乐场景😆   更多惊喜，正在陆续解锁中！期待你来乐园，亲手把这份奇妙带回家💫  「 10岁生日庆典米奇和朋友们系列」将于3月20日起在迪士尼世界商店、迪士尼乐享家、M大街购物廊、米奇米妮同心铺、奇奇蒂蒂淘淘铺售卖。「 10岁生日庆典达菲和朋友们系列」部分商品将于3月20日起通过“特选商品园内购买名额抽签”的方式发售。同时，部分商品也将在甜心糖果售卖。以上系列中的部分商品也将于“上海迪士尼乐园官方🚩”同步售卖。 *具体情况以门店实际售卖情况为准。  #上海迪士尼10岁生日# #加你更奇妙#,,,,2026-04-18 17:21:54,https://weibo.com/5200478600/Qwkcui0og,好看啊啊啊啊啊啊啊啊啊啊,LittleGreenFish_鱼鱼鱼,积极,5,满意,其他,SnowNLP快速分析,99,0,否,积极,snownlp,"[{""category"": ""其他"", ""aspect"": ""整体体验"", ""polarity"": ""积极"", ""intensity"": ""5"", ""specific_emotion"": ""满意"", ""csi_score"": ""75""}]",0,未知
weibo,weibo_18_1776504114,10岁生日庆典系列，限定单品重磅登场✨   伴随一颗许愿星划过深蓝的夜空，迪士尼朋友们以天际留下的闪烁光芒，共同绘制了10岁生日的特别装扮🎂 10岁生日庆典系列毛绒玩具和毛绒钥匙圈首发来袭，抢先一睹为快👀   ✨10岁生日庆典米奇和朋友们系列✨ 米奇和朋友们身着经典迪士尼蓝与庆典金服饰亮相10岁生日庆典，搭配融入盘扣、流苏、立领等中式元素，绣线在光下如星光闪烁，欢庆每一个奇妙瞬间💗  ✨ 10岁生日庆典达菲和朋友们系列✨ 达菲和朋友们换上了为庆典量身打造的梦幻装扮，细腻闪亮的面料仿佛许愿星洒落衣间，邀请你一起定格欢乐场景😆   更多惊喜，正在陆续解锁中！期待你来乐园，亲手把这份奇妙带回家💫  「 10岁生日庆典米奇和朋友们系列」将于3月20日起在迪士尼世界商店、迪士尼乐享家、M大街购物廊、米奇米妮同心铺、奇奇蒂蒂淘淘铺售卖。「 10岁生日庆典达菲和朋友们系列」部分商品将于3月20日起通过“特选商品园内购买名额抽签”的方式发售。同时，部分商品也将在甜心糖果售卖。以上系列中的部分商品也将于“上海迪士尼乐园官方🚩”同步售卖。 *具体情况以门店实际售卖情况为准。  #上海迪士尼10岁生日# #加你更奇妙#,,,,2026-04-18 17:21:54,https://weibo.com/5200478600/Qwkcui0og,露露宝,咩咩咪吖_,中性,3,中性,其他,SnowNLP快速分析,50,0,否,中性,snownlp,"[{""category"": ""其他"", ""aspect"": ""整体体验"", ""polarity"": ""中性"", ""intensity"": ""3"", ""specific_emotion"": ""中性"", ""csi_score"": ""50""}]",0,未知
weibo,weibo_18_1776504114,10岁生日庆典系列，限定单品重磅登场✨   伴随一颗许愿星划过深蓝的夜空，迪士尼朋友们以天际留下的闪烁光芒，共同绘制了10岁生日的特别装扮🎂 10岁生日庆典系列毛绒玩具和毛绒钥匙圈首发来袭，抢先一睹为快👀   ✨10岁生日庆典米奇和朋友们系列✨ 米奇和朋友们身着经典迪士尼蓝与庆典金服饰亮相10岁生日庆典，搭配融入盘扣、流苏、立领等中式元素，绣线在光下如星光闪烁，欢庆每一个奇妙瞬间💗  ✨ 10岁生日庆典达菲和朋友们系列✨ 达菲和朋友们换上了为庆典量身打造的梦幻装扮，细腻闪亮的面料仿佛许愿星洒落衣间，邀请你一起定格欢乐场景😆   更多惊喜，正在陆续解锁中！期待你来乐园，亲手把这份奇妙带回家💫  「 10岁生日庆典米奇和朋友们系列」将于3月20日起在迪士尼世界商店、迪士尼乐享家、M大街购物廊、米奇米妮同心铺、奇奇蒂蒂淘淘铺售卖。「 10岁生日庆典达菲和朋友们系列」部分商品将于3月20日起通过“特选商品园内购买名额抽签”的方式发售。同时，部分商品也将在甜心糖果售卖。以上系列中的部分商品也将于“上海迪士尼乐园官方🚩”同步售卖。 *具体情况以门店实际售卖情况为准。  #上海迪士尼10岁生日# #加你更奇妙#,,,,2026-04-18 17:21:54,https://weibo.com/5200478600/Qwkcui0og,好精致,赫敏daisy,积极,5,满意,其他,SnowNLP快速分析,90,0,否,积极,snownlp,"[{""category"": ""其他"", ""aspect"": ""整体体验"", ""polarity"": ""积极"", ""intensity"": ""5"", ""specific_emotion"": ""满意"", ""csi_score"": ""75""}]",0,未知
weibo,weibo_18_1776504114,10岁生日庆典系列，限定单品重磅登场✨   伴随一颗许愿星划过深蓝的夜空，迪士尼朋友们以天际留下的闪烁光芒，共同绘制了10岁生日的特别装扮🎂 10岁生日庆典系列毛绒玩具和毛绒钥匙圈首发来袭，抢先一睹为快👀   ✨10岁生日庆典米奇和朋友们系列✨ 米奇和朋友们身着经典迪士尼蓝与庆典金服饰亮相10岁生日庆典，搭配融入盘扣、流苏、立领等中式元素，绣线在光下如星光闪烁，欢庆每一个奇妙瞬间💗  ✨ 10岁生日庆典达菲和朋友们系列✨ 达菲和朋友们换上了为庆典量身打造的梦幻装扮，细腻闪亮的面料仿佛许愿星洒落衣间，邀请你一起定格欢乐场景😆   更多惊喜，正在陆续解锁中！期待你来乐园，亲手把这份奇妙带回家💫  「 10岁生日庆典米奇和朋友们系列」将于3月20日起在迪士尼世界商店、迪士尼乐享家、M大街购物廊、米奇米妮同心铺、奇奇蒂蒂淘淘铺售卖。「 10岁生日庆典达菲和朋友们系列」部分商品将于3月20日起通过“特选商品园内购买名额抽签”的方式发售。同时，部分商品也将在甜心糖果售卖。以上系列中的部分商品也将于“上海迪士尼乐园官方🚩”同步售卖。 *具体情况以门店实际售卖情况为准。  #上海迪士尼10岁生日# #加你更奇妙#,,,,2026-04-18 17:21:54,https://weibo.com/5200478600/Qwkcui0og,饼贝我来啦～,我要吃红烧又啊,积极,5,满意,其他,SnowNLP快速分析,95,0,否,积极,snownlp,"[{""category"": ""其他"", ""aspect"": ""整体体验"", ""polarity"": ""中性"", ""intensity"": ""3"", ""specific_emotion"": ""中性"", ""csi_score"": ""50""}]",0,未知
weibo,weibo_18_1776504114,10岁生日庆典系列，限定单品重磅登场✨   伴随一颗许愿星划过深蓝的夜空，迪士尼朋友们以天际留下的闪烁光芒，共同绘制了10岁生日的特别装扮🎂 10岁生日庆典系列毛绒玩具和毛绒钥匙圈首发来袭，抢先一睹为快👀   ✨10岁生日庆典米奇和朋友们系列✨ 米奇和朋友们身着经典迪士尼蓝与庆典金服饰亮相10岁生日庆典，搭配融入盘扣、流苏、立领等中式元素，绣线在光下如星光闪烁，欢庆每一个奇妙瞬间💗  ✨ 10岁生日庆典达菲和朋友们系列✨ 达菲和朋友们换上了为庆典量身打造的梦幻装扮，细腻闪亮的面料仿佛许愿星洒落衣间，邀请你一起定格欢乐场景😆   更多惊喜，正在陆续解锁中！期待你来乐园，亲手把这份奇妙带回家💫  「 10岁生日庆典米奇和朋友们系列」将于3月20日起在迪士尼世界商店、迪士尼乐享家、M大街购物廊、米奇米妮同心铺、奇奇蒂蒂淘淘铺售卖。「 10岁生日庆典达菲和朋友们系列」部分商品将于3月20日起通过“特选商品园内购买名额抽签”的方式发售。同时，部分商品也将在甜心糖果售卖。以上系列中的部分商品也将于“上海迪士尼乐园官方🚩”同步售卖。 *具体情况以门店实际售卖情况为准。  #上海迪士尼10岁生日# #加你更奇妙#,,,,2026-04-18 17:21:54,https://weibo.com/5200478600/Qwkcui0og,孩子的造型一眼黑的程度啊,生如夏花有时尽,积极,5,满意,其他,SnowNLP快速分析,82,0,否,积极,snownlp,"[{""category"": ""其他"", ""aspect"": ""整体体验"", ""polarity"": ""中性"", ""intensity"": ""3"", ""specific_emotion"": ""中性"", ""csi_score"": ""50""}]",0,未知
weibo,weibo_18_1776504114,10岁生日庆典系列，限定单品重磅登场✨   伴随一颗许愿星划过深蓝的夜空，迪士尼朋友们以天际留下的闪烁光芒，共同绘制了10岁生日的特别装扮🎂 10岁生日庆典系列毛绒玩具和毛绒钥匙圈首发来袭，抢先一睹为快👀   ✨10岁生日庆典米奇和朋友们系列✨ 米奇和朋友们身着经典迪士尼蓝与庆典金服饰亮相10岁生日庆典，搭配融入盘扣、流苏、立领等中式元素，绣线在光下如星光闪烁，欢庆每一个奇妙瞬间💗  ✨ 10岁生日庆典达菲和朋友们系列✨ 达菲和朋友们换上了为庆典量身打造的梦幻装扮，细腻闪亮的面料仿佛许愿星洒落衣间，邀请你一起定格欢乐场景😆   更多惊喜，正在陆续解锁中！期待你来乐园，亲手把这份奇妙带回家💫  「 10岁生日庆典米奇和朋友们系列」将于3月20日起在迪士尼世界商店、迪士尼乐享家、M大街购物廊、米奇米妮同心铺、奇奇蒂蒂淘淘铺售卖。「 10岁生日庆典达菲和朋友们系列」部分商品将于3月20日起通过“特选商品园内购买名额抽签”的方式发售。同时，部分商品也将在甜心糖果售卖。以上系列中的部分商品也将于“上海迪士尼乐园官方🚩”同步售卖。 *具体情况以门店实际售卖情况为准。  #上海迪士尼10岁生日# #加你更奇妙#,,,,2026-04-18 17:21:54,https://weibo.com/5200478600/Qwkcui0og,好看,烟雨满江风,积极,3,满意,其他,SnowNLP快速分析,71,0,否,积极,snownlp,"[{""category"": ""其他"", ""aspect"": ""整体体验"", ""polarity"": ""积极"", ""intensity"": ""5"", ""specific_emotion"": ""满意"", ""csi_score"": ""75""}]",0,未知
weibo,weibo_18_1776504114,10岁生日庆典系列，限定单品重磅登场✨   伴随一颗许愿星划过深蓝的夜空，迪士尼朋友们以天际留下的闪烁光芒，共同绘制了10岁生日的特别装扮🎂 10岁生日庆典系列毛绒玩具和毛绒钥匙圈首发来袭，抢先一睹为快👀   ✨10岁生日庆典米奇和朋友们系列✨ 米奇和朋友们身着经典迪士尼蓝与庆典金服饰亮相10岁生日庆典，搭配融入盘扣、流苏、立领等中式元素，绣线在光下如星光闪烁，欢庆每一个奇妙瞬间💗  ✨ 10岁生日庆典达菲和朋友们系列✨ 达菲和朋友们换上了为庆典量身打造的梦幻装扮，细腻闪亮的面料仿佛许愿星洒落衣间，邀请你一起定格欢乐场景😆   更多惊喜，正在陆续解锁中！期待你来乐园，亲手把这份奇妙带回家💫  「 10岁生日庆典米奇和朋友们系列」将于3月20日起在迪士尼世界商店、迪士尼乐享家、M大街购物廊、米奇米妮同心铺、奇奇蒂蒂淘淘铺售卖。「 10岁生日庆典达菲和朋友们系列」部分商品将于3月20日起通过“特选商品园内购买名额抽签”的方式发售。同时，部分商品也将在甜心糖果售卖。以上系列中的部分商品也将于“上海迪士尼乐园官方🚩”同步售卖。 *具体情况以门店实际售卖情况为准。  #上海迪士尼10岁生日# #加你更奇妙#,,,,2026-04-18 17:21:54,https://weibo.com/5200478600/Qwkcui0og,期待,西瓜你个哈密瓜呀,积极,3,满意,其他,SnowNLP快速分析,68,0,否,积极,snownlp,"[{""category"": ""其他"", ""aspect"": ""整体体验"", ""polarity"": ""中性"", ""intensity"": ""3"", ""specific_emotion"": ""中性"", ""csi_score"": ""50""}]",0,未知
weibo,weibo_18_1776504114,10岁生日庆典系列，限定单品重磅登场✨   伴随一颗许愿星划过深蓝的夜空，迪士尼朋友们以天际留下的闪烁光芒，共同绘制了10岁生日的特别装扮🎂 10岁生日庆典系列毛绒玩具和毛绒钥匙圈首发来袭，抢先一睹为快👀   ✨10岁生日庆典米奇和朋友们系列✨ 米奇和朋友们身着经典迪士尼蓝与庆典金服饰亮相10岁生日庆典，搭配融入盘扣、流苏、立领等中式元素，绣线在光下如星光闪烁，欢庆每一个奇妙瞬间💗  ✨ 10岁生日庆典达菲和朋友们系列✨ 达菲和朋友们换上了为庆典量身打造的梦幻装扮，细腻闪亮的面料仿佛许愿星洒落衣间，邀请你一起定格欢乐场景😆   更多惊喜，正在陆续解锁中！期待你来乐园，亲手把这份奇妙带回家💫  「 10岁生日庆典米奇和朋友们系列」将于3月20日起在迪士尼世界商店、迪士尼乐享家、M大街购物廊、米奇米妮同心铺、奇奇蒂蒂淘淘铺售卖。「 10岁生日庆典达菲和朋友们系列」部分商品将于3月20日起通过“特选商品园内购买名额抽签”的方式发售。同时，部分商品也将在甜心糖果售卖。以上系列中的部分商品也将于“上海迪士尼乐园官方🚩”同步售卖。 *具体情况以门店实际售卖情况为准。  #上海迪士尼10岁生日# #加你更奇妙#,,,,2026-04-18 17:21:54,https://weibo.com/5200478600/Qwkcui0og,哇,西瓜你个哈密瓜呀,中性,3,中性,其他,SnowNLP快速分析,50,0,否,中性,snownlp,"[{""category"": ""其他"", ""aspect"": ""整体体验"", ""polarity"": ""中性"", ""intensity"": ""3"", ""specific_emotion"": ""中性"", ""csi_score"": ""50""}]",0,未知
weibo,weibo_18_1776504114,10岁生日庆典系列，限定单品重磅登场✨   伴随一颗许愿星划过深蓝的夜空，迪士尼朋友们以天际留下的闪烁光芒，共同绘制了10岁生日的特别装扮🎂 10岁生日庆典系列毛绒玩具和毛绒钥匙圈首发来袭，抢先一睹为快👀   ✨10岁生日庆典米奇和朋友们系列✨ 米奇和朋友们身着经典迪士尼蓝与庆典金服饰亮相10岁生日庆典，搭配融入盘扣、流苏、立领等中式元素，绣线在光下如星光闪烁，欢庆每一个奇妙瞬间💗  ✨ 10岁生日庆典达菲和朋友们系列✨ 达菲和朋友们换上了为庆典量身打造的梦幻装扮，细腻闪亮的面料仿佛许愿星洒落衣间，邀请你一起定格欢乐场景😆   更多惊喜，正在陆续解锁中！期待你来乐园，亲手把这份奇妙带回家💫  「 10岁生日庆典米奇和朋友们系列」将于3月20日起在迪士尼世界商店、迪士尼乐享家、M大街购物廊、米奇米妮同心铺、奇奇蒂蒂淘淘铺售卖。「 10岁生日庆典达菲和朋友们系列」部分商品将于3月20日起通过“特选商品园内购买名额抽签”的方式发售。同时，部分商品也将在甜心糖果售卖。以上系列中的部分商品也将于“上海迪士尼乐园官方🚩”同步售卖。 *具体情况以门店实际售卖情况为准。  #上海迪士尼10岁生日# #加你更奇妙#,,,,2026-04-18 17:21:54,https://weibo.com/5200478600/Qwkcui0og,ParkerJQ:,ParkerJQ,中性,3,中性,其他,SnowNLP快速分析,50,0,否,中性,snownlp,"[{""category"": ""其他"", ""aspect"": ""整体体验"", ""polarity"": ""中性"", ""intensity"": ""3"", ""specific_emotion"": ""中性"", ""csi_score"": ""50""}]",0,未知
weibo,weibo_18_1776504114,10岁生日庆典系列，限定单品重磅登场✨   伴随一颗许愿星划过深蓝的夜空，迪士尼朋友们以天际留下的闪烁光芒，共同绘制了10岁生日的特别装扮🎂 10岁生日庆典系列毛绒玩具和毛绒钥匙圈首发来袭，抢先一睹为快👀   ✨10岁生日庆典米奇和朋友们系列✨ 米奇和朋友们身着经典迪士尼蓝与庆典金服饰亮相10岁生日庆典，搭配融入盘扣、流苏、立领等中式元素，绣线在光下如星光闪烁，欢庆每一个奇妙瞬间💗  ✨ 10岁生日庆典达菲和朋友们系列✨ 达菲和朋友们换上了为庆典量身打造的梦幻装扮，细腻闪亮的面料仿佛许愿星洒落衣间，邀请你一起定格欢乐场景😆   更多惊喜，正在陆续解锁中！期待你来乐园，亲手把这份奇妙带回家💫  「 10岁生日庆典米奇和朋友们系列」将于3月20日起在迪士尼世界商店、迪士尼乐享家、M大街购物廊、米奇米妮同心铺、奇奇蒂蒂淘淘铺售卖。「 10岁生日庆典达菲和朋友们系列」部分商品将于3月20日起通过“特选商品园内购买名额抽签”的方式发售。同时，部分商品也将在甜心糖果售卖。以上系列中的部分商品也将于“上海迪士尼乐园官方🚩”同步售卖。 *具体情况以门店实际售卖情况为准。  #上海迪士尼10岁生日# #加你更奇妙#,,,,2026-04-18 17:21:54,https://weibo.com/5200478600/Qwkcui0og,好可爱,玲娜bellbell,积极,5,满意,其他,SnowNLP快速分析,87,0,否,积极,snownlp,"[{""category"": ""其他"", ""aspect"": ""整体体验"", ""polarity"": ""积极"", ""intensity"": ""5"", ""specific_emotion"": ""满意"", ""csi_score"": ""75""}]",0,未知
weibo,weibo_18_1776504114,10岁生日庆典系列，限定单品重磅登场✨   伴随一颗许愿星划过深蓝的夜空，迪士尼朋友们以天际留下的闪烁光芒，共同绘制了10岁生日的特别装扮🎂 10岁生日庆典系列毛绒玩具和毛绒钥匙圈首发来袭，抢先一睹为快👀   ✨10岁生日庆典米奇和朋友们系列✨ 米奇和朋友们身着经典迪士尼蓝与庆典金服饰亮相10岁生日庆典，搭配融入盘扣、流苏、立领等中式元素，绣线在光下如星光闪烁，欢庆每一个奇妙瞬间💗  ✨ 10岁生日庆典达菲和朋友们系列✨ 达菲和朋友们换上了为庆典量身打造的梦幻装扮，细腻闪亮的面料仿佛许愿星洒落衣间，邀请你一起定格欢乐场景😆   更多惊喜，正在陆续解锁中！期待你来乐园，亲手把这份奇妙带回家💫  「 10岁生日庆典米奇和朋友们系列」将于3月20日起在迪士尼世界商店、迪士尼乐享家、M大街购物廊、米奇米妮同心铺、奇奇蒂蒂淘淘铺售卖。「 10岁生日庆典达菲和朋友们系列」部分商品将于3月20日起通过“特选商品园内购买名额抽签”的方式发售。同时，部分商品也将在甜心糖果售卖。以上系列中的部分商品也将于“上海迪士尼乐园官方🚩”同步售卖。 *具体情况以门店实际售卖情况为准。  #上海迪士尼10岁生日# #加你更奇妙#,,,,2026-04-18 17:21:54,https://weibo.com/5200478600/Qwkcui0og,爱读书爱生活爱江阴:,爱读书爱生活爱江阴,积极,5,满意,其他,SnowNLP快速分析,96,0,否,积极,snownlp,"[{""category"": ""其他"", ""aspect"": ""整体体验"", ""polarity"": ""中性"", ""intensity"": ""3"", ""specific_emotion"": ""中性"", ""csi_score"": ""50""}]",0,未知
weibo,weibo_18_1776504114,10岁生日庆典系列，限定单品重磅登场✨   伴随一颗许愿星划过深蓝的夜空，迪士尼朋友们以天际留下的闪烁光芒，共同绘制了10岁生日的特别装扮🎂 10岁生日庆典系列毛绒玩具和毛绒钥匙圈首发来袭，抢先一睹为快👀   ✨10岁生日庆典米奇和朋友们系列✨ 米奇和朋友们身着经典迪士尼蓝与庆典金服饰亮相10岁生日庆典，搭配融入盘扣、流苏、立领等中式元素，绣线在光下如星光闪烁，欢庆每一个奇妙瞬间💗  ✨ 10岁生日庆典达菲和朋友们系列✨ 达菲和朋友们换上了为庆典量身打造的梦幻装扮，细腻闪亮的面料仿佛许愿星洒落衣间，邀请你一起定格欢乐场景😆   更多惊喜，正在陆续解锁中！期待你来乐园，亲手把这份奇妙带回家💫  「 10岁生日庆典米奇和朋友们系列」将于3月20日起在迪士尼世界商店、迪士尼乐享家、M大街购物廊、米奇米妮同心铺、奇奇蒂蒂淘淘铺售卖。「 10岁生日庆典达菲和朋友们系列」部分商品将于3月20日起通过“特选商品园内购买名额抽签”的方式发售。同时，部分商品也将在甜心糖果售卖。以上系列中的部分商品也将于“上海迪士尼乐园官方🚩”同步售卖。 *具体情况以门店实际售卖情况为准。  #上海迪士尼10岁生日# #加你更奇妙#,,,,2026-04-18 17:21:54,https://weibo.com/5200478600/Qwkcui0og,为了玲娜贝儿,2myblacksmile敏后会有期,中性,3,中性,其他,SnowNLP快速分析,50,0,否,中性,snownlp,"[{""category"": ""其他"", ""aspect"": ""整体体验"", ""polarity"": ""中性"", ""intensity"": ""3"", ""specific_emotion"": ""中性"", ""csi_score"": ""50""}]",0,未知
weibo,weibo_19_1776504145,十年童话之路，每一公里都是奔赴奇妙的乐章。 翘首以盼花车巡游的惊喜与快乐，感受创极速光轮的心跳加速度。当阖家欢乐的旅程开启， 别克与大家一起在旅程中体验舒适与奇妙！我们一起守护每一份童心，每一段前行，都通往童话。 别克祝@上海迪士尼度假区 十周年快乐！ 你负责引领通向奇妙之路，我负责出发，加你路上更奇妙！ 🎁关注@别克 +@上海迪士尼度假区  + 转发评论本条微博， 分享你去迪士尼的奇妙座驾 抽【5】位幸运小伙伴送【上海迪士尼乐园门票1张】！ 期待与你携手共赴奇妙，开启下一段欢乐旅程！ #上海迪士尼10岁生日##加你更奇妙##加你路上更奇妙##别克至境##历喧哗跃新境# 别克的微博视频 抽奖详情,,,,2026-04-18 17:22:25,https://weibo.com/1667553532/QvS7bjrqU,祝@上海迪士尼度假区 十周年快乐！,用户s3wxdfa0xs,积极,5,满意,其他,SnowNLP快速分析,99,0,否,积极,snownlp,"[{""category"": ""其他"", ""aspect"": ""整体体验"", ""polarity"": ""中性"", ""intensity"": ""3"", ""specific_emotion"": ""中性"", ""csi_score"": ""50""}]",0,未知
weibo,weibo_19_1776504145,十年童话之路，每一公里都是奔赴奇妙的乐章。 翘首以盼花车巡游的惊喜与快乐，感受创极速光轮的心跳加速度。当阖家欢乐的旅程开启， 别克与大家一起在旅程中体验舒适与奇妙！我们一起守护每一份童心，每一段前行，都通往童话。 别克祝@上海迪士尼度假区 十周年快乐！ 你负责引领通向奇妙之路，我负责出发，加你路上更奇妙！ 🎁关注@别克 +@上海迪士尼度假区  + 转发评论本条微博， 分享你去迪士尼的奇妙座驾 抽【5】位幸运小伙伴送【上海迪士尼乐园门票1张】！ 期待与你携手共赴奇妙，开启下一段欢乐旅程！ #上海迪士尼10岁生日##加你更奇妙##加你路上更奇妙##别克至境##历喧哗跃新境# 别克的微博视频 抽奖详情,,,,2026-04-18 17:22:25,https://weibo.com/1667553532/QvS7bjrqU,祝@上海迪士尼度假区 十周年快乐！,陌熙方2004,积极,5,满意,其他,SnowNLP快速分析,99,0,否,积极,snownlp,"[{""category"": ""其他"", ""aspect"": ""整体体验"", ""polarity"": ""中性"", ""intensity"": ""3"", ""specific_emotion"": ""中性"", ""csi_score"": ""50""}]",0,未知
weibo,weibo_19_1776504145,十年童话之路，每一公里都是奔赴奇妙的乐章。 翘首以盼花车巡游的惊喜与快乐，感受创极速光轮的心跳加速度。当阖家欢乐的旅程开启， 别克与大家一起在旅程中体验舒适与奇妙！我们一起守护每一份童心，每一段前行，都通往童话。 别克祝@上海迪士尼度假区 十周年快乐！ 你负责引领通向奇妙之路，我负责出发，加你路上更奇妙！ 🎁关注@别克 +@上海迪士尼度假区  + 转发评论本条微博， 分享你去迪士尼的奇妙座驾 抽【5】位幸运小伙伴送【上海迪士尼乐园门票1张】！ 期待与你携手共赴奇妙，开启下一段欢乐旅程！ #上海迪士尼10岁生日##加你更奇妙##加你路上更奇妙##别克至境##历喧哗跃新境# 别克的微博视频 抽奖详情,,,,2026-04-18 17:22:25,https://weibo.com/1667553532/QvS7bjrqU,祝@上海迪士尼度假区 十周年快乐！,人间那得几回闻_646,积极,5,满意,其他,SnowNLP快速分析,99,0,否,积极,snownlp,"[{""category"": ""其他"", ""aspect"": ""整体体验"", ""polarity"": ""中性"", ""intensity"": ""3"", ""specific_emotion"": ""中性"", ""csi_score"": ""50""}]",0,未知
weibo,weibo_19_1776504145,十年童话之路，每一公里都是奔赴奇妙的乐章。 翘首以盼花车巡游的惊喜与快乐，感受创极速光轮的心跳加速度。当阖家欢乐的旅程开启， 别克与大家一起在旅程中体验舒适与奇妙！我们一起守护每一份童心，每一段前行，都通往童话。 别克祝@上海迪士尼度假区 十周年快乐！ 你负责引领通向奇妙之路，我负责出发，加你路上更奇妙！ 🎁关注@别克 +@上海迪士尼度假区  + 转发评论本条微博， 分享你去迪士尼的奇妙座驾 抽【5】位幸运小伙伴送【上海迪士尼乐园门票1张】！ 期待与你携手共赴奇妙，开启下一段欢乐旅程！ #上海迪士尼10岁生日##加你更奇妙##加你路上更奇妙##别克至境##历喧哗跃新境# 别克的微博视频 抽奖详情,,,,2026-04-18 17:22:25,https://weibo.com/1667553532/QvS7bjrqU,祝@上海迪士尼度假区 十周年快乐！,大盗夕阳红,积极,5,满意,其他,SnowNLP快速分析,99,0,否,积极,snownlp,"[{""category"": ""其他"", ""aspect"": ""整体体验"", ""polarity"": ""中性"", ""intensity"": ""3"", ""specific_emotion"": ""中性"", ""csi_score"": ""50""}]",0,未知
weibo,weibo_19_1776504145,十年童话之路，每一公里都是奔赴奇妙的乐章。 翘首以盼花车巡游的惊喜与快乐，感受创极速光轮的心跳加速度。当阖家欢乐的旅程开启， 别克与大家一起在旅程中体验舒适与奇妙！我们一起守护每一份童心，每一段前行，都通往童话。 别克祝@上海迪士尼度假区 十周年快乐！ 你负责引领通向奇妙之路，我负责出发，加你路上更奇妙！ 🎁关注@别克 +@上海迪士尼度假区  + 转发评论本条微博， 分享你去迪士尼的奇妙座驾 抽【5】位幸运小伙伴送【上海迪士尼乐园门票1张】！ 期待与你携手共赴奇妙，开启下一段欢乐旅程！ #上海迪士尼10岁生日##加你更奇妙##加你路上更奇妙##别克至境##历喧哗跃新境# 别克的微博视频 抽奖详情,,,,2026-04-18 17:22:25,https://weibo.com/1667553532/QvS7bjrqU,黑色的消沉:,黑色的消沉,消极,4,失望,其他,SnowNLP快速分析,26,4,是,消极,snownlp,"[{""category"": ""其他"", ""aspect"": ""整体体验"", ""polarity"": ""中性"", ""intensity"": ""3"", ""specific_emotion"": ""中性"", ""csi_score"": ""50""}]",4,未知
weibo,weibo_19_1776504145,十年童话之路，每一公里都是奔赴奇妙的乐章。 翘首以盼花车巡游的惊喜与快乐，感受创极速光轮的心跳加速度。当阖家欢乐的旅程开启， 别克与大家一起在旅程中体验舒适与奇妙！我们一起守护每一份童心，每一段前行，都通往童话。 别克祝@上海迪士尼度假区 十周年快乐！ 你负责引领通向奇妙之路，我负责出发，加你路上更奇妙！ 🎁关注@别克 +@上海迪士尼度假区  + 转发评论本条微博， 分享你去迪士尼的奇妙座驾 抽【5】位幸运小伙伴送【上海迪士尼乐园门票1张】！ 期待与你携手共赴奇妙，开启下一段欢乐旅程！ #上海迪士尼10岁生日##加你更奇妙##加你路上更奇妙##别克至境##历喧哗跃新境# 别克的微博视频 抽奖详情,,,,2026-04-18 17:22:25,https://weibo.com/1667553532/QvS7bjrqU,傲慢的知知:,傲慢的知知,消极,5,失望,其他,SnowNLP快速分析,19,6,是,消极,snownlp,"[{""category"": ""其他"", ""aspect"": ""整体体验"", ""polarity"": ""消极"", ""intensity"": ""5"", ""specific_emotion"": ""失望"", ""csi_score"": ""25""}]",6,未知
weibo,weibo_19_1776504145,十年童话之路，每一公里都是奔赴奇妙的乐章。 翘首以盼花车巡游的惊喜与快乐，感受创极速光轮的心跳加速度。当阖家欢乐的旅程开启， 别克与大家一起在旅程中体验舒适与奇妙！我们一起守护每一份童心，每一段前行，都通往童话。 别克祝@上海迪士尼度假区 十周年快乐！ 你负责引领通向奇妙之路，我负责出发，加你路上更奇妙！ 🎁关注@别克 +@上海迪士尼度假区  + 转发评论本条微博， 分享你去迪士尼的奇妙座驾 抽【5】位幸运小伙伴送【上海迪士尼乐园门票1张】！ 期待与你携手共赴奇妙，开启下一段欢乐旅程！ #上海迪士尼10岁生日##加你更奇妙##加你路上更奇妙##别克至境##历喧哗跃新境# 别克的微博视频 抽奖详情,,,,2026-04-18 17:22:25,https://weibo.com/1667553532/QvS7bjrqU,洛熙万花筒:,洛熙万花筒,中性,3,中性,其他,SnowNLP快速分析,50,0,否,中性,snownlp,"[{""category"": ""其他"", ""aspect"": ""整体体验"", ""polarity"": ""中性"", ""intensity"": ""3"", ""specific_emotion"": ""中性"", ""csi_score"": ""50""}]",0,未知
weibo,weibo_19_1776504145,十年童话之路，每一公里都是奔赴奇妙的乐章。 翘首以盼花车巡游的惊喜与快乐，感受创极速光轮的心跳加速度。当阖家欢乐的旅程开启， 别克与大家一起在旅程中体验舒适与奇妙！我们一起守护每一份童心，每一段前行，都通往童话。 别克祝@上海迪士尼度假区 十周年快乐！ 你负责引领通向奇妙之路，我负责出发，加你路上更奇妙！ 🎁关注@别克 +@上海迪士尼度假区  + 转发评论本条微博， 分享你去迪士尼的奇妙座驾 抽【5】位幸运小伙伴送【上海迪士尼乐园门票1张】！ 期待与你携手共赴奇妙，开启下一段欢乐旅程！ #上海迪士尼10岁生日##加你更奇妙##加你路上更奇妙##别克至境##历喧哗跃新境# 别克的微博视频 抽奖详情,,,,2026-04-18 17:22:25,https://weibo.com/1667553532/QvS7bjrqU,祝@上海迪士尼度假区 十周年快乐！,啊大哥的围脖_707,积极,5,满意,其他,SnowNLP快速分析,99,0,否,积极,snownlp,"[{""category"": ""其他"", ""aspect"": ""整体体验"", ""polarity"": ""中性"", ""intensity"": ""3"", ""specific_emotion"": ""中性"", ""csi_score"": ""50""}]",0,未知
weibo,weibo_19_1776504145,十年童话之路，每一公里都是奔赴奇妙的乐章。 翘首以盼花车巡游的惊喜与快乐，感受创极速光轮的心跳加速度。当阖家欢乐的旅程开启， 别克与大家一起在旅程中体验舒适与奇妙！我们一起守护每一份童心，每一段前行，都通往童话。 别克祝@上海迪士尼度假区 十周年快乐！ 你负责引领通向奇妙之路，我负责出发，加你路上更奇妙！ 🎁关注@别克 +@上海迪士尼度假区  + 转发评论本条微博， 分享你去迪士尼的奇妙座驾 抽【5】位幸运小伙伴送【上海迪士尼乐园门票1张】！ 期待与你携手共赴奇妙，开启下一段欢乐旅程！ #上海迪士尼10岁生日##加你更奇妙##加你路上更奇妙##别克至境##历喧哗跃新境# 别克的微博视频 抽奖详情,,,,2026-04-18 17:22:25,https://weibo.com/1667553532/QvS7bjrqU,祝@上海迪士尼度假区 十周年快乐！,zjshangeng2_767,积极,5,满意,其他,SnowNLP快速分析,99,0,否,积极,snownlp,"[{""category"": ""其他"", ""aspect"": ""整体体验"", ""polarity"": ""中性"", ""intensity"": ""3"", ""specific_emotion"": ""中性"", ""csi_score"": ""50""}]",0,未知
weibo,weibo_19_1776504145,十年童话之路，每一公里都是奔赴奇妙的乐章。 翘首以盼花车巡游的惊喜与快乐，感受创极速光轮的心跳加速度。当阖家欢乐的旅程开启， 别克与大家一起在旅程中体验舒适与奇妙！我们一起守护每一份童心，每一段前行，都通往童话。 别克祝@上海迪士尼度假区 十周年快乐！ 你负责引领通向奇妙之路，我负责出发，加你路上更奇妙！ 🎁关注@别克 +@上海迪士尼度假区  + 转发评论本条微博， 分享你去迪士尼的奇妙座驾 抽【5】位幸运小伙伴送【上海迪士尼乐园门票1张】！ 期待与你携手共赴奇妙，开启下一段欢乐旅程！ #上海迪士尼10岁生日##加你更奇妙##加你路上更奇妙##别克至境##历喧哗跃新境# 别克的微博视频 抽奖详情,,,,2026-04-18 17:22:25,https://weibo.com/1667553532/QvS7bjrqU,祝@上海迪士尼度假区 十周年快乐！,不得不帅得狠哥_794,积极,5,满意,其他,SnowNLP快速分析,99,0,否,积极,snownlp,"[{""category"": ""其他"", ""aspect"": ""整体体验"", ""polarity"": ""中性"", ""intensity"": ""3"", ""specific_emotion"": ""中性"", ""csi_score"": ""50""}]",0,未知
weibo,weibo_19_1776504145,十年童话之路，每一公里都是奔赴奇妙的乐章。 翘首以盼花车巡游的惊喜与快乐，感受创极速光轮的心跳加速度。当阖家欢乐的旅程开启， 别克与大家一起在旅程中体验舒适与奇妙！我们一起守护每一份童心，每一段前行，都通往童话。 别克祝@上海迪士尼度假区 十周年快乐！ 你负责引领通向奇妙之路，我负责出发，加你路上更奇妙！ 🎁关注@别克 +@上海迪士尼度假区  + 转发评论本条微博， 分享你去迪士尼的奇妙座驾 抽【5】位幸运小伙伴送【上海迪士尼乐园门票1张】！ 期待与你携手共赴奇妙，开启下一段欢乐旅程！ #上海迪士尼10岁生日##加你更奇妙##加你路上更奇妙##别克至境##历喧哗跃新境# 别克的微博视频 抽奖详情,,,,2026-04-18 17:22:25,https://weibo.com/1667553532/QvS7bjrqU,#上海迪士尼10岁生日#生日快乐#别克#,dfgghgh2013,消极,5,失望,其他,SnowNLP快速分析,13,8,是,消极,snownlp,"[{""category"": ""其他"", ""aspect"": ""整体体验"", ""polarity"": ""中性"", ""intensity"": ""3"", ""specific_emotion"": ""中性"", ""csi_score"": ""50""}]",8,未知
weibo,weibo_19_1776504145,十年童话之路，每一公里都是奔赴奇妙的乐章。 翘首以盼花车巡游的惊喜与快乐，感受创极速光轮的心跳加速度。当阖家欢乐的旅程开启， 别克与大家一起在旅程中体验舒适与奇妙！我们一起守护每一份童心，每一段前行，都通往童话。 别克祝@上海迪士尼度假区 十周年快乐！ 你负责引领通向奇妙之路，我负责出发，加你路上更奇妙！ 🎁关注@别克 +@上海迪士尼度假区  + 转发评论本条微博， 分享你去迪士尼的奇妙座驾 抽【5】位幸运小伙伴送【上海迪士尼乐园门票1张】！ 期待与你携手共赴奇妙，开启下一段欢乐旅程！ #上海迪士尼10岁生日##加你更奇妙##加你路上更奇妙##别克至境##历喧哗跃新境# 别克的微博视频 抽奖详情,,,,2026-04-18 17:22:25,https://weibo.com/1667553532/QvS7bjrqU,祝@上海迪士尼度假区 十周年快乐！,zjjhzy88,积极,5,满意,其他,SnowNLP快速分析,99,0,否,积极,snownlp,"[{""category"": ""其他"", ""aspect"": ""整体体验"", ""polarity"": ""中性"", ""intensity"": ""3"", ""specific_emotion"": ""中性"", ""csi_score"": ""50""}]",0,未知
weibo,weibo_19_1776504145,十年童话之路，每一公里都是奔赴奇妙的乐章。 翘首以盼花车巡游的惊喜与快乐，感受创极速光轮的心跳加速度。当阖家欢乐的旅程开启， 别克与大家一起在旅程中体验舒适与奇妙！我们一起守护每一份童心，每一段前行，都通往童话。 别克祝@上海迪士尼度假区 十周年快乐！ 你负责引领通向奇妙之路，我负责出发，加你路上更奇妙！ 🎁关注@别克 +@上海迪士尼度假区  + 转发评论本条微博， 分享你去迪士尼的奇妙座驾 抽【5】位幸运小伙伴送【上海迪士尼乐园门票1张】！ 期待与你携手共赴奇妙，开启下一段欢乐旅程！ #上海迪士尼10岁生日##加你更奇妙##加你路上更奇妙##别克至境##历喧哗跃新境# 别克的微博视频 抽奖详情,,,,2026-04-18 17:22:25,https://weibo.com/1667553532/QvS7bjrqU,#上海迪士尼10岁生日#生日快乐#别克#,ccccVDBe,消极,5,失望,其他,SnowNLP快速分析,13,8,是,消极,snownlp,"[{""category"": ""其他"", ""aspect"": ""整体体验"", ""polarity"": ""中性"", ""intensity"": ""3"", ""specific_emotion"": ""中性"", ""csi_score"": ""50""}]",8,未知
weibo,weibo_19_1776504145,十年童话之路，每一公里都是奔赴奇妙的乐章。 翘首以盼花车巡游的惊喜与快乐，感受创极速光轮的心跳加速度。当阖家欢乐的旅程开启， 别克与大家一起在旅程中体验舒适与奇妙！我们一起守护每一份童心，每一段前行，都通往童话。 别克祝@上海迪士尼度假区 十周年快乐！ 你负责引领通向奇妙之路，我负责出发，加你路上更奇妙！ 🎁关注@别克 +@上海迪士尼度假区  + 转发评论本条微博， 分享你去迪士尼的奇妙座驾 抽【5】位幸运小伙伴送【上海迪士尼乐园门票1张】！ 期待与你携手共赴奇妙，开启下一段欢乐旅程！ #上海迪士尼10岁生日##加你更奇妙##加你路上更奇妙##别克至境##历喧哗跃新境# 别克的微博视频 抽奖详情,,,,2026-04-18 17:22:25,https://weibo.com/1667553532/QvS7bjrqU,十周年快乐,msqiqi01_324,积极,5,满意,其他,SnowNLP快速分析,98,0,否,积极,snownlp,"[{""category"": ""其他"", ""aspect"": ""整体体验"", ""polarity"": ""中性"", ""intensity"": ""3"", ""specific_emotion"": ""中性"", ""csi_score"": ""50""}]",0,未知
weibo,weibo_19_1776504145,十年童话之路，每一公里都是奔赴奇妙的乐章。 翘首以盼花车巡游的惊喜与快乐，感受创极速光轮的心跳加速度。当阖家欢乐的旅程开启， 别克与大家一起在旅程中体验舒适与奇妙！我们一起守护每一份童心，每一段前行，都通往童话。 别克祝@上海迪士尼度假区 十周年快乐！ 你负责引领通向奇妙之路，我负责出发，加你路上更奇妙！ 🎁关注@别克 +@上海迪士尼度假区  + 转发评论本条微博， 分享你去迪士尼的奇妙座驾 抽【5】位幸运小伙伴送【上海迪士尼乐园门票1张】！ 期待与你携手共赴奇妙，开启下一段欢乐旅程！ #上海迪士尼10岁生日##加你更奇妙##加你路上更奇妙##别克至境##历喧哗跃新境# 别克的微博视频 抽奖详情,,,,2026-04-18 17:22:25,https://weibo.com/1667553532/QvS7bjrqU,#上海迪士尼10岁生日#生日快乐#别克#,le4xl3smcs,消极,5,失望,其他,SnowNLP快速分析,13,8,是,消极,snownlp,"[{""category"": ""其他"", ""aspect"": ""整体体验"", ""polarity"": ""中性"", ""intensity"": ""3"", ""specific_emotion"": ""中性"", ""csi_score"": ""50""}]",8,未知
